communication_diff,emotional_openness_diff,social_nature_diff,independence_diff,family_orientation_diff,financial_attitude_diff,career_orientation_diff,adventure_diff,conflict_handling_diff,lifestyle_preference_diff,comm_x_conflict_diff,finance_x_career_diff,family_x_lifestyle_diff,mean_abs_diff,max_abs_diff,euclidean_distance,compatibility_score
19.81,11.21,32.24,49.02,24.69,23.11,7.71,55.2,0.36,45.77,0.07,1.78,11.3,26.91,55.2,101.52,76.89
0.09,17.53,24.77,4.24,26.47,22.85,7.64,2.22,15.39,6.84,0.01,1.75,1.81,12.8,26.47,50.09,86.5
13.29,25.76,18.26,5.54,2.19,21.66,0.41,23.44,2.87,6.18,0.38,0.09,0.14,11.96,25.76,47.69,89.72
9.45,0.21,31.42,0.79,35.66,32.68,10.55,63.06,7.56,32.49,0.71,3.45,11.59,22.39,63.06,92.83,78.81
24.22,17.52,9.77,11.2,21.81,17.04,9.9,14.53,3.9,10.29,0.94,1.69,2.24,14.02,24.22,48.07,81.3
6.3,5.77,13.66,14.16,15.64,34.77,2.47,39.68,2.25,27.6,0.14,0.86,4.32,16.23,39.68,65.27,82.26
19.88,25.89,7.8,26.11,10.25,0.83,28.12,40.88,15.45,31.49,3.07,0.23,3.23,20.67,40.88,74.87,80.32
11.69,39.05,19.62,17.83,20.89,7.73,20.72,37.06,25.46,17.85,2.98,1.6,3.73,21.79,39.05,75.03,76.51
8.75,11.61,7.99,28.38,1.32,12.79,5.33,23.26,14.43,30.74,1.26,0.68,0.41,14.46,30.74,54.48,87.96
7.48,9.95,3.94,43.92,12.28,15.54,8.67,8.62,24.58,38.67,1.84,1.35,4.75,17.36,43.92,68.85,81.71
14.87,10.0,1.67,27.48,9.83,10.59,45.77,24.47,2.51,2.9,0.37,4.85,0.29,15.01,45.77,63.22,85.01
39.84,2.76,1.51,44.78,11.62,42.51,26.61,44.56,8.44,40.3,3.36,11.31,4.68,26.29,44.78,99.66,74.81
5.22,12.52,18.02,29.57,21.36,11.15,9.42,43.73,8.3,9.55,0.43,1.05,2.04,16.88,43.73,64.23,83.91
3.39,6.91,20.57,7.82,36.75,22.24,9.63,22.86,10.11,6.75,0.34,2.14,2.48,14.7,36.75,56.14,84.44
14.88,26.93,27.74,15.56,11.13,21.74,15.06,15.67,5.66,35.57,0.84,3.27,3.96,18.99,35.57,65.76,79.7
37.63,1.0,16.25,29.13,7.0,18.16,5.96,22.35,28.84,5.41,10.85,1.08,0.38,17.17,37.63,65.61,80.0
28.85,4.47,29.32,0.02,10.26,1.11,7.79,22.1,17.97,37.35,5.18,0.09,3.83,15.92,37.35,63.92,84.01
25.86,29.53,7.74,30.33,15.94,11.46,29.02,15.06,13.57,20.53,3.51,3.33,3.27,19.9,30.33,67.68,81.59
24.2,3.15,33.53,0.8,12.28,10.9,10.63,58.36,3.99,41.72,0.97,1.16,5.12,19.96,58.36,85.24,81.04
5.43,1.72,14.24,8.47,43.59,10.25,5.56,42.8,11.8,35.96,0.64,0.57,15.67,17.98,43.59,74.88,81.71
22.85,11.47,2.3,12.76,30.66,2.15,7.05,15.64,7.19,1.83,1.64,0.15,0.56,11.39,30.66,46.0,87.17
13.59,12.88,30.66,42.1,1.16,10.57,21.28,2.95,25.92,16.72,3.52,2.25,0.19,17.78,42.1,67.75,83.26
14.53,9.52,19.98,21.27,30.62,27.19,18.67,2.07,9.63,21.66,1.4,5.08,6.63,17.52,30.62,61.2,80.4
47.06,13.66,36.98,33.48,46.71,32.42,7.09,54.08,24.81,31.74,11.68,2.3,14.83,32.8,54.08,112.79,68.49
21.47,0.2,28.83,15.22,28.9,3.38,20.35,3.58,7.75,17.56,1.66,0.69,5.07,14.72,28.9,56.26,85.74
16.42,22.62,25.47,2.33,2.06,13.61,26.05,11.44,13.13,24.55,2.16,3.55,0.51,15.77,26.05,56.65,85.43
18.54,35.06,11.67,17.93,10.71,43.46,8.15,15.02,4.14,8.97,0.77,3.54,0.96,17.37,43.46,66.51,78.1
0.0,5.29,17.73,36.58,9.6,10.37,6.13,50.76,22.6,3.25,0.0,0.64,0.31,16.23,50.76,70.82,83.71
15.33,8.99,13.51,13.45,5.12,46.37,24.62,7.61,8.09,15.81,1.24,11.42,0.81,15.89,46.37,61.93,81.26
14.66,14.41,5.02,14.02,15.11,16.48,0.37,7.69,7.1,7.46,1.04,0.06,1.13,10.23,16.48,36.19,86.73
28.27,34.89,52.72,11.48,15.74,29.69,6.01,52.66,31.39,28.74,8.87,1.78,4.52,29.16,52.72,103.33,71.12
18.23,28.45,11.4,5.77,26.7,15.64,32.33,4.46,21.48,23.32,3.92,5.06,6.23,18.78,32.33,65.82,80.88
0.05,0.54,15.12,2.88,7.83,1.53,1.55,20.04,0.99,5.12,0.0,0.02,0.4,5.56,20.04,27.05,91.43
18.41,5.64,13.94,6.52,1.76,19.53,3.35,7.55,16.83,22.07,3.1,0.65,0.39,11.56,22.07,42.79,86.31
23.05,16.06,9.14,3.03,27.86,9.22,9.06,20.94,7.91,27.04,1.82,0.84,7.53,15.33,27.86,55.29,83.33
18.08,32.81,45.61,37.27,36.94,20.52,0.01,46.45,23.65,25.8,4.28,0.0,9.53,28.71,46.45,100.21,71.4
3.81,5.0,8.0,24.86,11.89,8.67,3.46,4.64,20.14,10.86,0.77,0.3,1.29,10.13,24.86,38.67,88.78
18.98,22.35,15.19,16.61,24.81,30.34,11.29,28.6,0.53,29.26,0.1,3.43,7.26,19.8,30.34,68.59,78.88
20.61,23.12,18.92,14.91,12.54,33.66,22.2,34.3,3.86,29.49,0.8,7.47,3.7,21.36,34.3,73.37,80.62
18.15,6.98,13.77,28.56,45.13,31.21,9.39,47.25,4.38,0.48,0.79,2.93,0.22,20.53,47.25,82.07,80.23
23.78,27.11,2.7,6.94,16.57,8.53,26.38,32.13,27.05,18.17,6.43,2.25,3.01,18.94,32.13,67.03,79.98
16.7,8.47,11.44,13.53,6.32,4.11,22.71,25.68,7.52,17.65,1.26,0.93,1.12,13.41,25.68,47.58,87.45
18.57,31.63,12.71,3.51,23.77,14.02,19.07,28.48,6.47,0.26,1.2,2.67,0.06,15.85,31.63,59.14,84.71
0.02,29.27,5.16,67.08,12.62,34.68,35.08,9.15,11.76,5.63,0.0,12.17,0.71,21.05,67.08,90.72,80.5
11.07,6.04,36.09,11.91,4.95,11.09,10.08,7.43,14.49,22.08,1.6,1.12,1.09,13.52,36.09,51.05,83.77
8.2,27.68,14.16,36.75,13.51,10.17,10.65,4.15,6.84,2.05,0.56,1.08,0.28,13.41,36.75,53.4,88.83
13.9,6.52,0.93,2.25,12.25,13.88,43.79,19.28,7.99,18.11,1.11,6.08,2.22,13.89,43.79,57.14,87.66
7.39,26.6,7.81,9.71,35.29,21.2,0.86,7.12,13.44,20.14,0.99,0.18,7.11,14.96,35.29,57.01,82.52
20.8,3.39,0.34,5.53,7.92,20.26,5.52,17.82,8.73,39.7,1.82,1.12,3.14,13.0,39.7,54.3,82.36
36.78,43.52,7.88,32.54,1.92,9.92,0.65,17.58,13.2,24.62,4.85,0.06,0.47,18.86,43.52,74.56,81.88
3.96,4.82,1.44,10.63,21.01,9.12,14.39,7.05,29.87,5.2,1.18,1.31,1.09,10.75,29.87,43.07,87.1
21.13,3.81,9.23,5.59,25.23,21.24,24.26,21.37,5.86,38.21,1.24,5.15,9.64,17.59,38.21,64.85,84.88
27.29,0.22,8.2,6.95,5.66,22.29,37.41,29.37,16.45,15.91,4.49,8.34,0.9,16.98,37.41,64.62,81.2
3.8,4.87,18.63,18.22,4.34,10.63,19.06,54.9,14.2,0.43,0.54,2.03,0.02,14.91,54.9,66.54,87.58
5.94,22.5,20.46,13.99,50.87,23.83,25.12,12.77,27.81,36.09,1.65,5.99,18.36,23.94,50.87,84.75,72.58
34.34,19.33,21.17,3.64,32.16,23.95,4.01,0.18,34.47,33.08,11.84,0.96,10.64,20.63,34.47,76.95,73.48
18.59,1.46,34.41,7.41,8.61,10.33,5.26,28.54,9.48,37.34,1.76,0.54,3.21,16.14,37.34,63.98,86.74
21.56,1.01,16.11,0.84,15.33,2.41,22.2,6.91,0.01,14.22,0.0,0.54,2.18,10.06,22.2,41.35,88.97
16.21,7.73,1.72,7.72,5.64,4.51,7.29,39.78,23.43,40.1,3.8,0.33,2.26,15.41,40.1,65.04,83.87
9.95,34.73,22.45,5.59,1.8,32.67,27.47,8.2,17.8,57.77,1.77,8.97,1.04,21.84,57.77,85.95,75.84
20.33,4.62,5.41,13.17,14.79,16.0,7.8,4.7,4.11,24.96,0.84,1.25,3.69,11.59,24.96,42.84,92.25
3.46,6.39,2.23,18.55,17.34,32.41,13.44,30.7,29.92,29.74,1.04,4.36,5.16,18.42,32.41,68.23,80.02
17.66,34.61,2.74,12.15,32.2,5.82,16.45,12.83,28.89,39.35,5.1,0.96,12.67,20.27,39.35,74.52,75.7
4.43,9.22,4.75,23.85,10.13,3.93,28.06,17.62,3.94,19.45,0.17,1.1,1.97,12.54,28.06,48.02,88.97
16.93,17.18,26.76,0.82,5.58,28.51,18.5,14.68,7.82,7.71,1.32,5.27,0.43,14.45,28.51,53.11,86.59
25.82,7.5,1.72,28.47,19.27,38.89,7.43,8.48,17.28,45.66,4.46,2.89,8.8,20.05,45.66,77.02,75.45
18.91,7.19,3.98,9.74,11.26,6.15,45.44,27.41,27.13,19.5,5.13,2.79,2.2,17.67,45.44,67.94,81.16
3.46,38.08,1.62,32.76,9.85,7.01,8.37,41.33,8.8,5.97,0.3,0.59,0.59,15.72,41.33,67.64,85.49
8.3,11.23,6.16,21.28,2.57,2.23,2.61,42.07,15.25,55.93,1.27,0.06,1.44,16.76,55.93,76.39,80.71
8.96,30.04,6.83,45.62,0.12,24.71,19.59,22.28,13.2,50.46,1.18,4.84,0.06,22.18,50.46,85.57,81.15
25.78,8.45,8.67,6.77,21.82,11.13,27.88,14.3,16.63,13.9,4.29,3.1,3.03,15.53,27.88,53.93,83.98
2.01,16.32,16.9,26.61,19.16,5.53,26.31,14.4,43.33,15.19,0.87,1.45,2.91,18.58,43.33,68.33,82.92
4.69,9.68,13.97,17.88,35.98,14.45,20.75,13.34,17.98,28.51,0.84,3.0,10.26,17.72,35.98,62.28,84.71
0.61,16.91,38.87,1.33,18.5,10.52,20.47,26.59,5.65,0.16,0.03,2.15,0.03,13.96,38.87,58.4,88.81
16.95,0.6,27.4,23.38,14.99,34.01,25.72,20.01,7.3,15.63,1.24,8.75,2.34,18.6,34.01,65.77,82.57
10.14,9.87,34.72,28.48,7.67,26.21,17.13,10.45,1.97,21.14,0.2,4.49,1.62,16.78,34.72,61.78,86.37
30.94,11.13,6.92,24.34,26.95,15.06,13.32,32.6,8.98,12.16,2.78,2.01,3.28,18.24,32.6,64.37,80.21
11.06,22.28,1.52,12.83,12.91,19.85,21.88,52.85,10.41,13.44,1.15,4.34,1.74,17.9,52.85,70.05,78.15
13.36,32.15,7.65,11.28,3.99,12.4,6.51,19.66,18.4,3.38,2.46,0.81,0.13,12.88,32.15,48.44,82.5
17.3,9.5,6.04,3.94,9.38,4.63,25.16,13.96,8.95,5.14,1.55,1.16,0.48,10.4,25.16,38.53,90.08
11.89,5.36,34.15,3.7,5.2,27.98,16.16,44.62,0.71,21.56,0.08,4.52,1.12,17.13,44.62,69.84,85.8
5.36,29.61,1.24,32.52,8.19,30.48,18.46,11.93,17.33,10.38,0.93,5.63,0.85,16.55,32.52,62.06,82.32
43.0,11.06,19.83,15.93,4.49,9.75,16.2,39.33,29.13,27.86,12.53,1.58,1.25,21.66,43.0,78.53,77.16
2.76,17.5,7.03,7.69,21.81,28.25,8.09,16.02,0.56,23.96,0.02,2.29,5.23,13.37,28.25,50.92,83.68
20.15,7.58,33.94,2.34,20.7,9.57,25.79,14.54,3.93,4.22,0.79,2.47,0.87,14.28,33.94,55.24,86.42
0.0,6.55,37.34,6.76,24.74,15.91,20.55,24.32,19.14,14.52,0.0,3.27,3.59,16.98,37.34,62.76,84.98
23.42,26.65,14.25,27.88,20.31,16.63,3.05,25.0,5.67,1.76,1.33,0.51,0.36,16.46,27.88,59.98,84.74
8.88,17.68,45.55,27.94,35.26,1.6,32.21,10.2,34.38,0.49,3.05,0.52,0.17,21.42,45.55,82.57,78.4
38.16,1.65,48.89,1.63,0.97,3.67,39.62,21.97,0.19,4.58,0.07,1.45,0.04,16.13,48.89,77.07,83.55
32.12,9.96,1.63,16.73,38.59,7.2,0.99,29.49,28.83,18.73,9.26,0.07,7.23,18.43,38.59,70.76,78.53
9.81,25.58,52.19,17.36,43.27,28.41,14.61,36.51,18.18,34.27,1.78,4.15,14.83,28.02,52.19,97.5,73.7
4.49,2.25,26.32,10.3,9.86,33.94,18.09,3.21,13.41,0.72,0.6,6.14,0.07,12.26,33.94,50.9,87.75
17.56,24.35,18.93,2.37,48.5,0.33,38.18,48.39,25.27,21.37,4.44,0.13,10.36,24.53,48.5,92.26,76.86
24.16,24.95,38.93,18.84,32.7,28.46,16.64,2.57,29.36,30.63,7.09,4.74,10.02,24.72,38.93,83.9,73.26
9.36,1.99,9.03,39.24,4.63,2.99,11.53,3.89,7.04,9.59,0.66,0.34,0.44,9.93,39.24,45.09,92.4
7.96,0.85,27.91,5.74,36.13,24.15,5.56,8.51,9.56,0.64,0.76,1.34,0.23,12.7,36.13,54.4,83.58
1.73,8.98,15.43,45.64,23.43,0.21,11.57,2.73,3.58,15.49,0.06,0.02,3.63,12.88,45.64,57.86,91.3
18.99,24.54,3.84,13.95,17.11,12.3,9.84,4.2,18.47,7.62,3.51,1.21,1.3,13.09,24.54,46.15,85.42
15.51,11.57,2.24,4.76,14.2,10.99,15.47,26.95,2.4,6.21,0.37,1.7,0.88,11.03,26.95,41.65,86.44
4.41,17.23,19.71,23.9,7.07,10.74,3.99,16.36,10.47,24.96,0.46,0.43,1.76,13.88,24.96,49.58,84.37
12.08,5.91,15.45,20.96,18.88,34.41,17.74,42.4,9.7,25.61,1.17,6.1,4.84,20.31,42.4,72.54,80.97
19.15,1.71,26.29,3.53,1.48,23.89,15.34,44.72,18.03,58.83,3.45,3.66,0.87,21.3,58.83,87.56,77.73
16.66,29.83,32.89,18.5,18.74,14.97,16.9,32.67,3.38,21.09,0.56,2.53,3.95,20.56,32.89,70.53,80.92
13.24,4.21,46.24,22.64,25.21,15.6,18.34,9.83,13.25,5.68,1.75,2.86,1.43,17.42,46.24,66.05,83.84
17.64,19.63,39.0,32.74,37.29,0.76,29.38,75.15,15.9,16.45,2.8,0.22,6.13,28.39,75.15,108.24,74.99
8.7,4.51,1.62,11.88,15.74,8.74,10.53,40.55,3.8,25.17,0.33,0.92,3.96,13.13,40.55,54.48,90.93
9.87,13.58,1.35,32.79,6.14,29.64,7.65,48.33,24.3,9.41,2.4,2.27,0.58,18.31,48.33,73.13,83.14
5.44,14.22,11.61,29.61,66.0,23.63,13.54,52.6,6.61,6.05,0.36,3.2,3.99,22.93,66.0,95.85,77.57
25.32,12.46,21.9,25.36,16.41,12.97,0.5,20.25,1.01,1.52,0.26,0.06,0.25,13.77,25.36,52.63,87.61
1.15,30.79,2.94,40.74,3.51,13.46,11.09,33.81,1.07,29.71,0.01,1.49,1.04,16.83,40.74,70.43,89.78
4.66,2.4,57.79,2.93,19.7,36.82,3.54,10.12,21.5,33.8,1.0,1.3,6.66,19.33,57.79,82.7,79.72
11.39,7.26,11.69,18.15,18.81,14.76,23.92,16.46,1.76,31.34,0.2,3.53,5.9,15.55,31.34,55.21,82.18
17.56,1.79,1.28,2.54,14.73,0.91,3.67,22.8,2.45,47.33,0.43,0.03,6.97,11.5,47.33,57.59,85.03
10.71,11.29,46.37,17.25,66.31,44.58,14.81,43.85,1.41,30.09,0.15,6.6,19.95,28.67,66.31,110.11,73.84
28.07,26.13,33.69,3.8,34.85,13.37,3.61,22.84,45.26,6.77,12.7,0.48,2.36,21.84,45.26,81.51,73.77
20.01,1.39,4.08,33.02,23.39,0.78,9.3,21.45,14.39,19.64,2.88,0.07,4.59,14.74,33.02,56.53,89.26
6.0,12.46,4.85,33.2,32.21,10.93,5.26,31.61,12.8,46.94,0.77,0.57,15.12,19.63,46.94,76.6,82.45
10.94,22.72,18.12,11.4,12.36,30.78,36.57,28.29,2.98,21.89,0.33,11.26,2.71,19.6,36.57,69.43,86.78
5.9,44.3,14.1,21.77,13.8,18.89,33.43,0.49,0.12,13.18,0.01,6.31,1.82,16.6,44.3,67.15,83.32
6.29,10.09,6.43,0.55,18.51,9.3,3.64,19.12,2.47,20.31,0.16,0.34,3.76,9.67,20.31,37.54,92.82
15.6,19.48,20.73,24.75,13.72,37.63,6.56,30.61,11.15,9.47,1.74,2.47,1.3,18.97,37.63,66.81,79.37
13.27,20.39,25.63,1.4,22.97,2.2,2.96,23.58,9.36,21.04,1.24,0.07,4.83,14.28,25.63,53.65,87.03
21.73,25.76,11.11,29.62,16.31,41.02,9.62,23.72,6.57,32.64,1.43,3.95,5.32,21.81,41.02,76.48,75.52
27.92,4.23,2.93,3.42,36.28,8.37,11.67,2.72,7.0,19.92,1.95,0.98,7.23,12.45,36.28,52.85,83.67
7.38,3.52,19.21,0.0,26.88,16.2,6.39,6.71,21.77,7.46,1.61,1.04,2.01,11.55,26.88,45.13,88.15
11.62,14.0,28.53,33.03,15.32,39.03,9.3,61.5,16.04,3.48,1.86,3.63,0.53,23.19,61.5,90.18,82.33
17.37,8.39,6.85,1.94,18.76,3.75,28.87,12.54,6.89,14.51,1.2,1.08,2.72,11.99,28.87,45.13,86.33
5.94,2.08,10.59,3.47,23.8,19.28,2.1,6.46,18.79,10.5,1.12,0.4,2.5,10.3,23.8,40.14,86.37
6.03,15.02,20.03,44.66,0.64,43.01,14.81,20.51,12.41,3.47,0.75,6.37,0.02,18.06,44.66,72.89,81.49
11.25,13.46,10.22,4.92,10.81,0.15,4.02,9.46,5.86,1.89,0.66,0.01,0.2,7.2,13.46,26.4,95.68
4.84,10.15,2.54,9.5,7.72,10.52,47.74,1.44,17.83,14.99,0.86,5.02,1.16,12.73,47.74,56.72,84.7
16.75,18.48,12.67,22.16,9.65,0.08,23.17,13.39,4.76,0.59,0.8,0.02,0.06,12.17,23.17,45.88,90.97
28.88,24.27,17.38,22.2,9.84,6.29,19.76,6.15,3.58,10.84,1.03,1.24,1.07,14.92,28.88,53.97,85.4
13.41,3.05,23.66,35.81,8.74,8.61,22.27,40.95,1.25,33.84,0.17,1.92,2.96,19.16,40.95,74.18,85.36
11.94,0.83,6.7,19.5,20.97,3.19,20.33,3.19,29.36,33.88,3.51,0.65,7.1,14.99,33.88,58.75,79.68
14.68,26.7,34.99,1.41,7.18,9.98,15.12,1.71,5.18,6.94,0.76,1.51,0.5,12.39,34.99,51.11,90.19
19.01,14.7,16.28,35.71,53.57,10.64,25.65,0.84,7.28,19.08,1.38,2.73,10.22,20.27,53.57,78.59,80.12
17.25,16.88,20.57,38.89,31.96,22.4,41.3,37.64,31.81,26.51,5.49,9.25,8.47,28.52,41.3,94.22,74.44
17.19,29.59,15.32,24.15,9.58,28.69,30.86,6.83,19.78,6.16,3.4,8.85,0.59,18.82,30.86,65.82,80.11
13.71,8.38,10.92,28.06,6.35,3.83,0.1,26.85,7.2,18.69,0.99,0.0,1.19,12.41,28.06,48.4,87.54
4.84,23.95,10.94,4.55,30.32,14.49,20.14,4.56,18.48,41.94,0.89,2.92,12.72,17.42,41.94,66.29,79.17
18.85,12.01,50.85,30.02,30.65,21.7,8.45,29.9,13.42,27.37,2.53,1.83,8.39,24.32,50.85,85.39,75.08
17.26,3.63,5.96,14.23,25.18,4.3,9.17,39.16,13.23,30.29,2.28,0.39,7.63,16.24,39.16,62.55,89.84
2.67,0.47,43.79,2.03,28.21,12.8,11.25,50.86,27.47,34.64,0.73,1.44,9.77,21.42,50.86,86.93,81.68
18.22,16.87,10.44,23.54,23.82,4.62,9.24,40.54,12.31,18.96,2.24,0.43,4.52,17.86,40.54,64.1,80.27
4.2,13.58,41.33,30.18,6.18,30.71,27.42,53.54,26.82,11.62,1.13,8.42,0.72,24.56,53.54,90.96,79.91
18.6,16.63,1.76,28.39,9.83,8.94,12.7,4.83,15.25,7.61,2.84,1.14,0.75,12.45,28.39,45.64,83.11
30.23,23.02,17.34,13.36,22.49,17.29,41.2,23.44,20.05,13.43,6.06,7.12,3.02,22.19,41.2,74.55,76.27
0.0,23.44,4.36,5.22,35.47,14.76,16.23,21.69,0.81,12.1,0.0,2.4,4.29,13.41,35.47,54.34,86.11
13.69,41.31,23.2,0.68,0.45,9.53,0.9,12.25,9.35,8.89,1.28,0.09,0.04,12.02,41.31,53.3,87.32
9.18,6.81,7.15,12.68,2.23,13.36,10.05,24.01,4.17,7.76,0.38,1.34,0.17,9.74,24.01,35.79,89.93
12.42,19.5,3.34,24.61,14.12,10.25,6.78,9.98,5.09,4.86,0.63,0.69,0.69,11.1,24.61,40.63,85.58
6.13,13.34,10.95,33.48,59.66,36.54,8.42,28.29,2.99,34.45,0.18,3.08,20.55,23.42,59.66,91.75,72.07
4.13,5.93,8.08,7.14,0.05,15.22,4.83,5.77,22.33,40.27,0.92,0.74,0.02,11.38,40.27,50.76,84.73
2.9,3.57,7.12,28.71,25.2,23.67,13.62,22.01,29.19,12.19,0.85,3.22,3.07,16.82,29.19,61.33,80.48
10.67,22.28,30.22,41.44,0.89,0.78,2.44,55.27,12.28,22.81,1.31,0.02,0.2,19.91,55.27,83.51,85.68
0.0,29.26,24.28,11.86,9.77,34.62,0.26,8.76,8.54,1.05,0.0,0.09,0.1,12.84,34.62,55.06,86.42
13.4,24.07,10.23,6.64,20.15,0.49,16.43,32.79,6.73,26.77,0.9,0.08,5.39,15.77,32.79,58.49,84.74
8.39,26.2,5.65,34.44,5.86,12.58,3.07,8.56,22.14,15.08,1.86,0.39,0.88,14.2,34.44,54.48,85.31
20.5,9.22,0.58,21.33,31.58,1.05,27.59,3.86,30.29,2.66,6.21,0.29,0.84,14.86,31.58,60.49,81.11
8.16,22.64,29.23,28.73,2.27,39.43,40.25,7.3,28.85,26.63,2.35,15.87,0.6,23.35,40.25,83.87,76.44
30.59,6.96,33.44,0.75,3.3,26.32,0.24,44.54,8.33,42.1,2.55,0.06,1.39,19.66,44.54,81.44,78.3
3.94,4.43,13.83,28.88,32.78,9.47,21.52,12.2,32.05,6.03,1.26,2.04,1.98,16.51,32.78,62.45,87.17
1.12,1.23,4.48,17.85,15.71,5.7,6.32,10.79,3.83,25.29,0.04,0.36,3.97,9.23,25.29,37.83,94.68
0.67,34.07,26.03,5.26,2.72,3.8,1.66,3.65,18.19,21.47,0.12,0.06,0.58,11.75,34.07,51.92,91.57
13.15,25.15,8.72,12.39,16.31,5.25,1.24,32.77,18.24,5.76,2.4,0.07,0.94,13.9,32.77,52.63,84.52
9.43,8.98,21.25,23.39,13.15,8.49,18.16,25.09,22.19,18.07,2.09,1.54,2.38,16.82,25.09,56.5,85.24
0.42,5.16,17.81,3.73,20.47,1.99,2.2,39.76,15.25,16.22,0.06,0.04,3.32,12.3,39.76,53.5,88.43
14.49,4.13,13.69,18.25,2.85,3.04,16.38,25.25,22.72,2.13,3.29,0.5,0.06,12.29,25.25,46.81,88.17
25.33,6.49,2.25,2.08,0.41,9.38,0.0,20.78,15.43,2.06,3.91,0.0,0.01,8.42,25.33,38.15,87.34
9.2,15.65,6.28,10.67,9.51,32.37,6.51,49.33,7.56,24.62,0.7,2.11,2.34,17.17,49.33,68.99,80.5
30.45,0.06,25.24,1.41,0.53,13.87,25.27,18.88,0.17,11.98,0.05,3.5,0.06,12.78,30.45,53.83,83.51
44.23,24.85,21.33,52.73,34.53,3.96,18.18,31.93,21.32,27.89,9.43,0.72,9.63,28.09,52.73,97.98,69.95
6.56,0.0,22.72,9.23,0.29,19.91,8.44,8.3,13.66,5.56,0.9,1.68,0.02,9.47,22.72,37.39,89.91
11.45,10.31,5.57,18.35,13.53,10.98,9.06,28.69,25.3,26.97,2.9,0.99,3.65,16.02,28.69,56.4,78.86
21.88,11.29,34.47,26.67,12.47,17.96,6.89,2.31,3.36,1.2,0.74,1.24,0.15,13.85,34.47,55.22,89.53
1.8,13.07,39.2,34.77,4.37,0.28,12.85,24.71,12.8,0.52,0.23,0.04,0.02,14.44,39.2,62.27,88.33
36.91,24.81,24.9,21.95,29.18,16.72,39.06,8.15,15.81,1.52,5.84,6.53,0.44,21.9,39.06,77.82,81.05
30.84,48.99,18.59,6.72,7.75,27.87,35.81,26.55,22.86,23.44,7.05,9.98,1.82,24.94,48.99,87.39,74.61
17.11,12.31,14.28,13.52,40.25,22.11,33.65,43.26,29.33,40.53,5.02,7.44,16.31,26.63,43.26,91.9,69.13
24.53,9.87,10.47,27.48,17.45,2.61,35.46,0.85,11.2,17.69,2.75,0.93,3.09,15.76,35.46,59.77,83.24
6.2,17.47,24.34,14.37,30.13,28.89,5.68,8.37,7.77,3.85,0.48,1.64,1.16,14.71,30.13,55.34,82.28
2.67,2.04,3.81,9.89,22.67,15.82,19.36,29.2,17.93,14.99,0.48,3.06,3.4,13.84,29.2,51.59,87.15
29.65,11.95,21.52,27.11,3.83,12.29,14.44,9.8,5.73,9.42,1.7,1.77,0.36,14.57,29.65,53.03,82.59
6.3,12.37,15.36,9.19,1.91,7.73,13.95,12.61,1.04,4.69,0.07,1.08,0.09,8.52,15.36,30.88,94.11
8.87,13.62,12.46,22.93,8.22,8.86,11.44,32.9,7.66,23.53,0.68,1.01,1.93,15.05,32.9,54.01,83.91
14.64,13.22,6.69,6.85,32.22,4.84,40.48,29.63,0.19,14.39,0.03,1.96,4.64,16.31,40.48,65.31,85.06
2.91,2.71,12.28,6.33,31.25,4.48,28.65,17.09,1.08,32.95,0.03,1.28,10.3,13.97,32.95,58.34,86.3
0.29,32.63,6.78,22.46,19.58,4.72,34.46,9.0,0.0,0.91,0.0,1.63,0.18,13.08,34.46,57.36,87.41
5.37,10.99,38.35,38.76,25.57,33.98,6.22,28.52,11.19,2.86,0.6,2.11,0.73,20.18,38.76,76.92,81.73
16.45,11.47,27.89,14.42,20.91,31.92,37.04,3.32,18.73,3.61,3.08,11.82,0.75,18.58,37.04,67.75,76.81
4.06,25.12,42.48,5.16,19.6,27.44,14.65,27.41,1.08,0.16,0.04,4.02,0.03,16.71,42.48,67.69,84.51
2.05,31.53,23.2,30.02,1.83,3.69,10.69,13.08,4.31,11.58,0.09,0.39,0.21,13.2,31.53,53.79,88.23
27.01,30.15,27.1,8.43,14.6,13.66,17.02,40.71,2.63,37.39,0.71,2.32,5.46,21.87,40.71,78.72,81.49
15.09,36.79,21.99,33.44,12.71,44.16,22.48,29.16,11.69,16.35,1.76,9.93,2.08,24.38,44.16,83.98,80.21
12.25,26.56,7.78,4.98,24.04,12.28,27.51,12.23,0.59,0.75,0.07,3.38,0.18,12.9,27.51,50.76,91.21
50.54,9.51,29.25,38.47,28.45,15.15,4.68,41.82,22.17,51.19,11.2,0.71,14.56,29.12,51.19,104.41,65.94
36.3,1.32,33.08,28.65,36.56,0.54,26.41,29.46,25.23,48.07,9.16,0.14,17.57,26.56,48.07,95.31,70.95
12.42,10.91,9.37,24.75,32.2,29.73,14.62,69.89,1.15,23.8,0.14,4.35,7.66,22.88,69.89,92.52,82.73
31.87,22.77,14.08,21.88,53.06,3.15,16.62,46.6,11.23,5.39,3.58,0.52,2.86,22.66,53.06,87.4,77.1
3.49,3.5,20.17,12.72,11.97,31.18,22.59,13.99,26.4,28.23,0.92,7.04,3.38,17.42,31.18,62.52,82.81
39.93,22.51,6.05,31.41,5.12,16.94,3.56,20.88,12.5,42.51,4.99,0.6,2.18,20.14,42.51,76.48,75.58
15.94,37.68,12.12,25.86,25.56,4.55,18.55,13.71,7.54,7.8,1.2,0.84,1.99,16.93,37.68,61.76,83.2
13.05,12.97,10.31,21.76,22.58,2.9,2.52,23.99,12.5,3.25,1.63,0.07,0.73,12.58,23.99,46.75,88.29
0.78,21.07,6.22,9.75,14.16,37.86,28.87,12.13,25.2,17.29,0.2,10.93,2.45,17.33,37.86,64.24,84.02
3.18,14.46,33.13,10.47,11.15,8.92,31.88,21.38,34.25,18.54,1.09,2.84,2.07,18.74,34.25,67.98,82.72
11.71,3.21,7.21,55.76,18.39,14.87,9.14,40.35,7.31,19.92,0.86,1.36,3.66,18.79,55.76,77.66,82.39
3.32,22.08,0.97,22.36,14.07,47.19,13.4,7.79,22.43,10.96,0.74,6.32,1.54,16.46,47.19,65.49,83.44
35.75,6.05,12.8,24.08,19.26,34.85,52.28,42.75,0.63,42.42,0.23,18.22,8.17,27.09,52.28,100.02,77.84
10.2,10.47,8.15,8.38,11.6,27.85,27.87,7.74,9.47,4.42,0.97,7.76,0.51,12.62,27.87,46.97,85.05
7.34,17.27,13.48,34.15,23.49,1.85,8.28,5.57,26.13,16.24,1.92,0.15,3.81,15.38,34.15,57.46,81.65
15.35,22.7,19.43,24.57,11.27,19.45,10.15,15.25,15.02,16.71,2.31,1.97,1.88,16.99,24.57,55.48,83.56
3.9,8.26,31.05,20.11,40.15,0.94,5.22,50.42,10.04,0.51,0.39,0.05,0.2,17.06,50.42,75.73,83.61
12.31,18.66,24.46,1.66,30.84,41.99,21.88,12.71,21.21,24.23,2.61,9.19,7.47,21.0,41.99,74.11,75.2
20.81,11.71,28.1,0.36,5.11,6.87,21.76,14.06,10.15,33.92,2.11,1.49,1.73,15.29,33.92,57.95,83.82
6.6,9.52,3.49,10.86,8.35,18.62,19.16,33.26,31.95,22.4,2.11,3.57,1.87,16.42,33.26,60.63,83.16
15.02,7.24,37.43,0.25,13.29,20.45,31.43,14.58,2.28,41.89,0.34,6.43,5.57,18.38,41.89,72.34,84.99
19.62,11.58,39.53,18.12,7.91,11.66,32.26,24.63,11.81,20.86,2.32,3.76,1.65,19.8,39.53,69.5,83.77
36.84,30.97,7.84,0.76,22.37,21.8,4.59,8.55,5.68,5.5,2.09,1.0,1.23,14.49,36.84,59.25,79.61
6.55,7.0,20.48,20.43,1.18,8.44,6.14,10.14,15.3,30.69,1.0,0.52,0.36,12.63,30.69,48.14,86.42
16.23,23.0,22.78,10.26,17.55,4.11,21.62,46.88,15.47,10.3,2.51,0.89,1.81,18.82,46.88,68.94,84.84
3.27,10.19,1.17,24.9,21.98,16.22,1.51,7.95,16.37,16.04,0.54,0.24,3.53,11.96,24.9,45.53,88.28
13.34,4.79,5.87,9.31,28.66,27.55,8.1,38.66,10.94,20.24,1.46,2.23,5.8,16.75,38.66,63.19,81.54
8.16,15.97,18.25,13.64,0.66,32.17,1.07,5.53,20.81,13.26,1.7,0.34,0.09,12.95,32.17,50.17,86.37
15.22,9.65,26.49,8.73,40.93,1.55,2.12,6.24,5.32,29.95,0.81,0.03,12.26,14.62,40.93,61.23,82.65
0.0,6.34,24.75,12.39,3.98,29.52,4.52,6.02,26.01,15.27,0.0,1.33,0.61,12.88,29.52,51.57,86.17
24.05,23.99,4.62,2.18,23.31,38.41,45.67,17.91,14.48,0.9,3.48,17.54,0.21,19.55,45.67,76.26,77.59
10.64,23.63,25.8,9.59,31.27,15.67,27.02,43.7,9.73,17.62,1.04,4.23,5.51,21.47,43.7,75.48,81.34
20.37,7.13,39.61,21.33,14.46,17.76,0.92,5.18,37.24,28.26,7.59,0.16,4.09,19.23,39.61,72.3,79.4
21.07,37.69,34.12,2.29,3.34,19.78,25.72,4.96,11.67,8.63,2.46,5.09,0.29,16.93,37.69,65.83,80.29
6.51,19.16,14.63,29.0,39.59,32.84,10.21,12.32,9.29,51.41,0.6,3.35,20.35,22.5,51.41,84.23,77.11
2.65,5.41,37.59,4.54,30.42,25.28,19.36,12.41,8.69,30.62,0.23,4.89,9.31,17.7,37.59,67.65,87.89
26.57,30.28,17.09,32.38,28.17,11.32,5.18,11.04,12.16,0.63,3.23,0.59,0.18,17.48,32.38,64.67,82.6
14.21,7.91,12.41,12.65,34.66,1.2,1.06,6.14,3.35,1.05,0.48,0.01,0.36,9.46,34.66,42.81,83.11
1.7,35.12,21.86,47.77,40.07,1.52,26.76,43.17,12.76,27.44,0.22,0.41,11.0,25.82,47.77,95.39,80.07
20.12,50.67,14.92,48.09,12.77,4.75,4.85,29.54,37.48,11.64,7.54,0.23,1.49,23.48,50.67,90.16,75.83
7.04,13.48,14.9,18.25,5.12,23.16,43.1,46.77,4.06,12.49,0.29,9.98,0.64,18.84,46.77,74.61,82.98
11.25,8.45,47.61,17.84,17.95,19.55,18.21,3.02,19.3,0.8,2.17,3.56,0.14,16.4,47.61,64.82,82.36
13.65,27.96,17.67,7.17,17.55,28.59,3.38,8.73,0.28,3.35,0.04,0.97,0.59,12.83,28.59,50.56,88.77
6.36,28.24,23.81,1.07,34.14,20.74,5.09,27.19,1.54,26.4,0.1,1.06,9.01,17.46,34.14,66.83,84.45
12.7,30.82,11.46,31.41,18.75,12.07,10.36,50.0,0.0,28.35,0.0,1.25,5.32,20.59,50.0,78.35,85.62
3.23,8.78,3.79,2.59,2.69,5.96,16.43,8.32,8.78,7.49,0.28,0.98,0.2,6.8,16.43,24.97,95.81
6.66,8.32,20.11,1.5,43.34,10.97,32.72,18.72,28.48,5.46,1.9,3.59,2.37,17.63,43.34,69.14,82.76
0.85,7.44,44.3,20.91,11.56,34.99,17.9,35.8,11.25,32.24,0.1,6.26,3.73,21.72,44.3,81.13,82.41
3.6,2.59,4.23,6.44,25.58,3.07,9.47,0.0,11.69,7.24,0.42,0.29,1.85,7.39,25.58,31.96,91.57
0.7,16.27,2.72,4.99,22.47,3.0,42.07,20.45,16.0,19.39,0.11,1.26,4.36,14.81,42.07,60.26,87.84
4.13,12.08,25.6,21.99,46.84,12.28,10.39,2.26,2.2,21.56,0.09,1.28,10.1,15.93,46.84,65.03,84.34
6.2,30.02,22.74,8.77,0.14,23.2,12.4,16.16,8.51,19.67,0.53,2.88,0.03,14.78,30.02,54.28,86.31
1.51,44.76,5.67,17.0,18.01,39.95,14.7,6.97,8.91,16.26,0.13,5.87,2.93,17.37,44.76,69.68,79.93
12.64,6.46,22.28,33.49,16.07,22.47,3.16,11.1,21.86,2.69,2.76,0.71,0.43,15.22,33.49,56.58,82.92
22.57,5.05,1.78,11.63,9.33,9.26,9.85,18.6,4.53,25.78,1.02,0.91,2.41,11.84,25.78,44.43,86.59
9.4,12.48,11.4,16.77,0.36,9.15,8.19,6.21,3.06,16.19,0.29,0.75,0.06,9.32,16.77,33.41,87.26
9.49,3.03,26.35,4.5,11.85,18.71,1.07,29.04,0.08,9.0,0.01,0.2,1.07,11.31,29.04,47.22,87.33
3.43,32.12,5.87,43.34,7.22,33.1,11.23,55.86,18.66,23.03,0.64,3.72,1.66,23.39,55.86,90.72,79.92
0.78,7.38,4.16,8.95,0.51,11.99,15.71,13.91,9.21,16.06,0.07,1.88,0.08,8.87,16.06,32.86,93.44
18.31,15.44,8.31,9.55,14.37,7.96,13.94,29.58,20.15,40.24,3.69,1.11,5.78,17.79,40.24,64.02,80.03
2.53,69.48,33.72,32.98,49.01,14.57,41.57,34.0,23.66,37.35,0.6,6.06,18.31,33.89,69.48,120.46,65.62
12.2,20.51,5.17,40.09,29.5,4.22,36.58,10.92,17.21,4.25,2.1,1.54,1.25,18.07,40.09,69.74,81.35
9.71,10.11,18.1,1.15,25.99,32.71,33.14,31.41,9.57,48.95,0.93,10.84,12.72,22.08,48.95,82.72,81.81
17.41,5.0,14.85,32.28,26.17,1.93,12.66,2.6,23.34,45.32,4.06,0.24,11.86,18.16,45.32,71.03,80.99
29.92,13.24,43.43,8.97,19.33,3.69,22.72,35.61,25.8,9.65,7.72,0.84,1.87,21.24,43.43,77.25,77.74
39.25,40.95,2.45,20.17,3.47,4.31,11.4,7.06,22.72,0.56,8.92,0.49,0.02,15.23,40.95,66.01,77.76
17.12,27.7,29.49,4.78,14.5,2.87,34.17,10.78,1.25,10.78,0.21,0.98,1.56,15.34,34.17,59.77,88.62
16.86,18.79,8.9,19.71,11.25,16.52,18.57,13.41,0.57,11.57,0.1,3.07,1.3,13.61,19.71,46.51,86.54
1.54,2.81,12.98,0.43,14.81,1.43,12.01,16.23,16.59,21.55,0.26,0.17,3.19,10.04,21.55,39.34,90.45
20.59,29.84,0.47,39.59,4.28,10.66,6.32,5.86,2.56,15.49,0.53,0.67,0.66,13.57,39.59,57.74,88.78
4.81,21.61,13.19,20.44,7.28,21.59,3.23,0.75,8.81,3.51,0.42,0.7,0.26,10.52,21.61,41.26,88.54
6.47,6.1,11.46,32.35,2.74,0.99,24.74,5.32,10.44,27.76,0.68,0.24,0.76,12.84,32.35,52.78,90.98
14.33,17.41,35.93,37.62,34.69,5.72,23.28,53.47,7.39,22.55,1.06,1.33,7.82,25.24,53.47,91.73,83.14
8.11,5.61,31.45,40.25,23.06,15.1,15.33,17.41,13.26,15.79,1.08,2.31,3.64,18.54,40.25,66.55,83.52
33.71,7.94,23.58,19.83,9.64,30.67,5.2,25.8,29.66,38.47,10.0,1.59,3.71,22.45,38.47,78.96,74.01
3.64,3.39,8.83,21.58,35.16,24.95,27.4,22.8,0.34,1.61,0.01,6.84,0.57,14.97,35.16,60.83,85.93
1.82,11.12,21.48,13.09,11.6,4.22,40.15,14.46,5.38,19.14,0.1,1.69,2.22,14.25,40.15,55.93,88.81
29.39,13.1,18.79,11.72,20.42,38.3,7.35,22.93,9.04,26.91,2.66,2.82,5.5,19.79,38.3,69.24,77.74
19.04,2.69,12.42,13.61,4.7,14.25,19.94,34.43,21.44,20.18,4.08,2.84,0.95,16.27,34.43,58.17,80.83
10.48,8.45,16.96,6.22,12.77,15.11,2.54,5.63,16.23,17.88,1.7,0.38,2.28,11.23,17.88,39.0,90.66
7.27,12.36,28.46,30.83,28.26,4.45,20.65,39.7,9.83,27.64,0.71,0.92,7.81,20.95,39.7,75.15,85.08
10.02,0.3,16.48,14.97,20.7,9.13,6.88,17.89,29.04,11.47,2.91,0.63,2.37,13.69,29.04,49.5,87.47
25.28,10.59,10.42,10.24,3.7,14.85,40.76,4.57,27.23,22.71,6.88,6.05,0.84,17.04,40.76,64.33,79.38
11.3,13.13,17.39,0.17,11.53,36.89,6.09,16.55,21.8,6.12,2.46,2.25,0.71,14.1,36.89,54.03,80.1
2.63,21.44,57.97,7.75,18.39,12.86,12.47,32.47,14.63,41.69,0.38,1.6,7.67,22.23,57.97,86.91,83.89
18.96,22.38,56.86,9.74,14.5,7.89,14.62,8.08,7.58,21.75,1.44,1.15,3.15,18.24,56.86,72.6,83.61
28.3,13.1,42.51,29.53,15.18,24.82,25.76,7.89,11.03,21.35,3.12,6.39,3.24,21.95,42.51,76.17,80.35
21.88,3.83,13.56,25.9,24.16,11.28,3.31,7.47,20.49,30.85,4.48,0.37,7.45,16.27,30.85,59.14,83.96
17.9,21.58,15.98,3.95,3.69,6.09,35.14,14.7,3.55,2.89,0.64,2.14,0.11,12.55,35.14,50.79,87.09
7.09,19.33,6.22,18.83,35.95,17.44,14.72,32.2,5.03,28.86,0.36,2.57,10.38,18.57,35.95,67.27,83.38
36.81,16.81,30.87,1.43,20.4,46.44,21.1,17.76,19.63,27.63,7.23,9.8,5.64,23.89,46.44,84.11,68.15
12.22,45.36,38.26,32.69,22.29,0.64,22.77,11.23,15.28,27.16,1.87,0.15,6.05,22.79,45.36,82.78,81.43
22.93,27.1,4.55,6.75,15.61,48.03,4.7,0.53,8.3,6.74,1.9,2.26,1.05,14.53,48.03,63.36,80.23
11.1,22.37,9.95,3.11,0.31,34.86,30.07,42.42,0.59,0.0,0.07,10.48,0.0,15.48,42.42,68.2,84.72
26.07,23.28,54.12,21.28,18.32,8.25,1.16,6.94,1.89,6.93,0.49,0.1,1.27,16.82,54.12,71.47,86.87
7.24,27.22,13.78,11.44,0.0,1.64,17.32,25.8,10.99,29.21,0.8,0.28,0.0,14.46,29.21,55.28,90.19
5.09,5.0,20.42,30.33,54.64,15.54,12.32,38.36,3.23,39.72,0.16,1.91,21.7,22.47,54.64,88.47,81.69
7.3,5.22,8.73,30.07,25.66,25.97,0.91,26.28,3.06,17.15,0.22,0.24,4.4,15.04,30.07,58.22,88.97
1.72,17.11,1.8,0.64,13.65,47.02,31.53,3.54,17.12,30.93,0.29,14.83,4.22,16.51,47.02,70.38,79.4
10.53,26.95,7.67,17.76,10.63,35.23,12.89,28.42,23.14,11.62,2.44,4.54,1.24,18.48,35.23,64.88,80.56
7.06,11.89,12.75,2.15,20.61,17.28,7.9,8.95,25.65,30.66,1.81,1.37,6.32,14.49,30.66,53.12,84.65
13.06,17.33,5.22,36.47,26.85,5.35,29.2,5.59,9.69,20.95,1.27,1.56,5.63,16.97,36.47,63.2,78.15
4.16,17.86,0.64,3.1,19.03,12.32,16.5,3.3,1.02,10.92,0.04,2.03,2.08,8.88,19.03,35.55,89.16
13.05,18.77,3.8,3.47,3.11,24.54,11.47,5.42,27.99,25.98,3.65,2.81,0.81,13.76,27.99,52.73,83.87
22.33,12.16,6.08,18.97,36.58,30.73,60.0,19.31,1.57,4.09,0.35,18.44,1.5,21.18,60.0,85.54,81.47
0.14,4.38,29.66,25.77,30.75,14.77,30.45,43.74,13.42,12.2,0.02,4.5,3.75,20.53,43.74,76.79,83.21
6.56,10.35,11.8,17.8,18.76,11.4,7.19,17.74,20.6,22.26,1.35,0.82,4.18,14.45,22.26,48.73,87.8
24.07,21.82,18.27,18.58,32.54,4.53,3.37,12.77,7.93,32.2,1.91,0.15,10.48,17.61,32.54,63.94,82.72
1.17,0.27,0.24,20.62,26.3,9.45,9.82,6.45,14.44,7.55,0.17,0.93,1.99,9.63,26.3,40.14,86.97
5.3,20.74,10.63,32.12,57.56,18.56,10.71,41.32,13.23,20.38,0.7,1.99,11.73,23.06,57.56,87.6,78.55
6.68,14.66,29.1,8.68,26.42,13.21,5.37,34.2,0.85,4.15,0.06,0.71,1.1,14.33,34.2,57.19,87.21
22.19,32.43,12.75,17.93,27.98,21.39,8.48,47.46,31.45,39.94,6.98,1.81,11.18,26.2,47.46,90.42,75.61
5.78,10.38,6.21,14.6,13.62,32.25,21.9,12.61,0.64,28.16,0.04,7.06,3.84,14.62,32.25,55.23,87.38
12.75,5.98,2.27,8.48,0.28,5.72,48.79,12.92,0.08,24.15,0.01,2.79,0.07,12.14,48.79,58.64,88.48
12.31,24.47,2.27,25.03,14.4,23.15,6.29,27.53,0.0,33.37,0.0,1.46,4.81,16.88,33.37,63.53,85.12
12.76,18.71,63.35,8.49,13.71,27.48,25.21,37.8,2.9,5.55,0.37,6.93,0.76,21.6,63.35,87.44,79.27
32.31,7.31,1.12,29.45,20.97,2.55,11.08,3.34,3.48,7.6,1.12,0.28,1.59,11.92,32.31,51.14,86.12
12.86,8.72,16.12,40.84,23.41,18.15,19.62,20.92,15.97,42.45,2.05,3.56,9.94,21.91,42.45,76.98,77.58
12.02,26.41,19.52,44.22,34.47,0.52,21.63,66.58,12.43,3.04,1.49,0.11,1.05,24.09,66.58,97.12,79.63
12.36,5.5,10.47,9.19,6.23,1.55,18.85,30.03,16.12,5.96,1.99,0.29,0.37,11.63,30.03,44.4,89.09
16.05,10.34,28.23,24.49,35.78,0.0,22.65,7.01,22.46,12.1,3.6,0.0,4.33,17.91,35.78,65.23,84.67
0.0,24.04,6.19,31.81,26.66,6.8,25.39,0.75,6.07,30.5,0.0,1.73,8.13,15.82,31.81,63.23,84.66
18.19,10.73,14.7,7.9,22.49,24.5,32.54,17.57,10.92,27.76,1.99,7.97,6.24,18.73,32.54,63.94,77.98
7.39,20.93,11.32,0.84,17.27,2.51,10.46,18.05,0.35,13.42,0.03,0.26,2.32,10.25,20.93,39.26,90.77
9.59,8.25,23.18,26.55,27.89,9.48,0.3,22.2,18.09,24.42,1.73,0.03,6.81,17.0,27.89,60.72,85.87
3.77,23.08,36.03,9.61,5.05,39.8,5.1,20.38,1.23,12.61,0.05,2.03,0.64,15.66,39.8,64.4,86.64
23.0,1.54,57.28,52.69,41.6,8.93,6.45,31.08,2.61,40.08,0.6,0.58,16.67,26.53,57.28,104.98,77.84
33.65,31.84,27.16,15.15,20.69,19.73,19.69,6.13,17.31,43.65,5.82,3.88,9.03,23.5,43.65,81.0,74.97
10.46,5.3,16.46,8.8,9.55,17.08,17.25,35.51,22.79,11.66,2.38,2.95,1.11,15.49,35.51,55.52,82.65
24.53,18.48,42.46,23.78,19.97,5.77,4.25,51.68,9.5,35.44,2.33,0.25,7.08,23.59,51.68,88.2,79.37
7.62,3.7,13.84,39.11,24.42,11.03,18.18,14.11,12.08,3.6,0.92,2.01,0.88,14.77,39.11,56.57,85.27
1.27,16.87,16.51,21.73,3.55,12.51,2.09,24.84,22.33,11.44,0.28,0.26,0.41,13.31,24.84,49.51,86.5
13.41,15.75,25.21,17.21,31.99,45.12,3.61,36.07,0.22,54.52,0.03,1.63,17.44,24.31,54.52,93.3,75.6
11.51,15.97,1.97,13.45,40.75,15.37,14.12,21.46,30.81,14.38,3.55,2.17,5.86,17.98,40.75,65.46,76.72
7.44,11.73,51.48,3.98,23.3,44.16,5.92,46.93,21.11,43.57,1.57,2.61,10.15,25.96,51.48,99.66,73.15
16.76,29.52,21.39,9.22,50.68,13.16,12.31,23.85,22.45,24.72,3.76,1.62,12.53,22.4,50.68,79.19,74.56
6.35,7.79,15.24,13.74,19.89,1.54,17.26,1.08,10.47,27.74,0.66,0.27,5.52,12.11,27.74,45.8,86.22
35.49,33.54,13.95,6.71,13.71,6.62,2.28,12.84,8.63,28.16,3.06,0.15,3.86,16.19,35.49,62.4,78.2
37.12,17.94,10.73,24.88,35.67,12.14,17.5,34.55,32.76,29.62,12.16,2.12,10.57,25.29,37.12,85.47,70.93
6.97,2.66,17.49,53.02,7.35,4.85,25.83,39.79,21.51,18.31,1.5,1.25,1.35,19.78,53.02,79.36,86.34
3.49,5.45,37.65,21.3,12.96,6.14,8.83,31.48,32.11,36.45,1.12,0.54,4.72,19.59,37.65,74.49,78.72
37.7,13.06,0.15,21.15,0.24,16.68,28.48,17.5,12.65,0.06,4.77,4.75,0.0,14.77,37.7,59.96,82.19
1.71,21.3,11.04,22.4,10.45,39.31,10.41,13.63,20.94,13.99,0.36,4.09,1.46,16.52,39.31,60.52,77.53
12.84,17.01,17.64,6.72,4.44,34.98,14.51,17.9,12.12,34.37,1.56,5.08,1.53,17.25,34.98,62.55,80.59
5.4,14.43,2.86,5.62,47.96,16.9,32.52,34.95,0.55,40.02,0.03,5.5,19.19,20.12,47.96,82.12,78.74
18.81,12.25,2.82,12.21,0.41,11.5,10.27,2.55,7.23,7.12,1.36,1.18,0.03,8.52,18.81,31.76,91.46
15.92,46.04,12.85,27.37,1.15,24.92,6.36,36.56,31.52,24.85,5.02,1.58,0.29,22.75,46.04,83.05,73.46
15.01,12.97,6.44,15.09,25.76,16.05,6.23,21.07,14.83,0.96,2.23,1.0,0.25,13.44,25.76,47.82,86.01
1.0,0.32,2.26,22.19,2.59,2.54,10.94,0.89,41.19,5.58,0.41,0.28,0.14,8.95,41.19,48.58,88.95
18.94,3.12,18.75,26.32,34.48,0.9,2.47,54.54,12.8,17.96,2.42,0.02,6.19,19.03,54.54,77.9,81.11
14.01,33.97,17.23,9.69,13.95,4.34,26.15,4.25,10.56,6.2,1.48,1.13,0.86,14.03,33.97,52.98,85.89
9.65,15.49,21.59,52.45,28.41,3.9,15.95,25.23,46.42,2.55,4.48,0.62,0.72,22.16,52.45,86.17,77.21
19.55,33.17,12.78,14.65,19.11,0.51,5.3,20.62,4.71,2.94,0.92,0.03,0.56,13.33,33.17,52.06,86.74
15.87,18.1,20.73,17.16,24.61,12.45,7.91,46.55,3.59,45.03,0.57,0.98,11.08,21.2,46.55,79.59,78.8
8.72,16.31,22.3,28.1,0.84,18.7,0.63,10.69,46.79,4.79,4.08,0.12,0.04,15.79,46.79,65.62,79.19
22.61,11.42,0.94,21.26,37.17,2.41,35.02,9.84,23.86,18.15,5.39,0.84,6.75,18.27,37.17,68.58,81.52
1.27,2.78,16.08,19.58,22.17,6.56,28.36,34.67,12.05,21.22,0.15,1.86,4.7,16.48,34.67,61.55,85.8
13.15,4.95,4.04,6.96,18.11,12.85,18.35,4.39,3.72,4.88,0.49,2.36,0.88,9.14,18.35,33.9,90.49
2.29,0.94,2.55,54.36,25.71,8.06,21.33,53.18,22.21,63.24,0.51,1.72,16.26,25.39,63.24,107.09,78.26
8.82,43.0,22.91,17.14,4.23,12.19,5.46,23.15,13.55,10.47,1.2,0.67,0.44,16.09,43.0,61.41,82.01
37.74,0.64,4.46,17.47,39.87,66.1,0.67,18.33,14.98,0.19,5.65,0.44,0.08,20.04,66.1,90.94,72.76
27.16,17.91,5.77,22.44,30.29,1.99,15.08,21.32,1.94,16.6,0.53,0.3,5.03,16.05,30.29,58.98,85.85
19.71,12.56,1.02,25.0,13.76,26.26,2.46,22.84,6.84,1.65,1.35,0.65,0.23,13.21,26.26,51.27,85.89
12.64,9.09,36.72,24.72,18.76,20.48,0.95,48.9,11.46,11.29,1.45,0.19,2.12,19.5,48.9,75.0,82.55
8.95,13.44,8.24,10.78,30.45,0.0,6.21,33.04,20.74,11.36,1.86,0.0,3.46,14.32,33.04,55.33,87.38
17.68,6.37,4.08,0.89,12.06,7.39,19.21,4.6,1.03,4.66,0.18,1.42,0.56,7.8,19.21,31.36,90.7
10.96,34.38,32.22,4.03,10.84,13.02,11.05,0.37,22.19,8.84,2.43,1.44,0.96,14.79,34.38,57.76,84.61
26.5,4.71,44.91,1.67,19.31,21.82,20.36,2.02,12.19,0.39,3.23,4.44,0.08,15.39,44.91,64.5,82.64
17.53,12.81,9.31,12.52,36.23,5.87,23.32,10.24,10.95,13.13,1.92,1.37,4.76,15.19,36.23,54.79,80.4
20.37,36.16,11.9,7.91,34.61,13.26,13.12,0.99,3.88,4.42,0.79,1.74,1.53,14.66,36.16,59.23,78.43
10.98,22.18,19.88,6.95,9.96,1.39,27.03,6.26,4.14,12.73,0.45,0.38,1.27,12.15,27.03,45.9,87.58
19.99,8.2,21.45,20.37,38.38,13.27,21.72,0.04,4.36,14.86,0.87,2.88,5.7,16.26,38.38,60.85,84.07
24.83,10.42,31.91,17.79,6.85,0.99,18.07,24.11,22.42,35.92,5.57,0.18,2.46,19.33,35.92,69.34,79.5
2.26,0.2,0.44,7.6,12.66,8.51,29.18,26.55,17.32,12.83,0.39,2.48,1.62,11.76,29.18,48.13,88.41
15.3,28.18,16.25,0.13,0.96,7.87,15.51,21.12,18.12,9.55,2.77,1.22,0.09,13.3,28.18,49.62,87.85
20.22,1.95,7.31,16.77,2.56,1.35,27.65,9.96,9.7,16.18,1.96,0.37,0.41,11.36,27.65,44.44,86.17
2.92,15.28,12.64,16.42,27.85,6.28,8.25,33.77,10.99,18.04,0.32,0.52,5.02,15.24,33.77,56.04,83.86
4.61,12.41,41.61,9.13,20.23,48.83,4.12,28.29,28.11,6.96,1.3,2.01,1.41,20.43,48.83,80.24,79.1
14.26,18.82,13.38,0.84,10.5,20.03,24.06,32.0,5.12,24.57,0.73,4.82,2.58,16.36,32.0,59.0,82.47
0.0,4.26,6.8,4.19,4.75,13.38,1.05,10.62,5.03,5.78,0.0,0.14,0.27,5.59,13.38,21.36,94.81
5.21,12.96,25.38,17.65,11.12,14.93,13.08,24.53,3.53,11.88,0.18,1.95,1.32,14.03,25.38,49.23,90.66
14.35,1.36,19.1,35.65,47.18,14.19,1.63,22.96,6.72,49.09,0.96,0.23,23.16,21.22,49.09,85.18,80.84
13.24,45.89,1.81,53.39,34.78,7.5,20.93,18.38,42.07,27.48,5.57,1.57,9.56,26.55,53.39,98.5,73.53
22.38,42.7,3.37,17.16,17.64,57.24,4.6,55.52,43.12,43.69,9.65,2.63,7.71,30.74,57.24,114.41,63.92
2.04,15.94,48.5,14.39,32.89,34.48,29.84,39.31,8.08,28.95,0.16,10.29,9.52,25.44,48.5,91.8,81.38
7.06,23.72,24.43,5.05,0.0,19.2,7.73,20.19,4.49,8.36,0.32,1.48,0.0,12.02,24.43,46.48,88.4
23.94,28.83,40.3,4.79,24.37,21.43,18.56,41.29,2.57,42.92,0.62,3.98,10.46,24.9,42.92,89.46,76.92
16.34,6.5,12.94,6.21,11.39,24.36,18.63,15.57,8.81,11.04,1.44,4.54,1.26,13.18,24.36,45.03,85.89
22.15,29.91,2.89,11.84,5.25,7.83,15.53,2.54,19.49,19.19,4.32,1.22,1.01,13.66,29.91,51.17,83.42
18.03,15.88,21.87,8.1,49.02,23.64,28.38,17.58,17.3,4.76,3.12,6.71,2.33,20.45,49.02,74.29,79.31
4.26,29.41,13.31,10.89,53.47,9.11,27.13,48.54,9.62,17.43,0.41,2.47,9.32,22.32,53.47,87.23,79.41
10.67,5.6,28.67,2.61,11.57,16.24,14.9,20.88,12.94,3.19,1.38,2.42,0.37,12.73,28.67,46.98,92.43
13.03,5.49,3.79,1.4,8.95,1.36,7.34,18.29,0.0,41.37,0.0,0.1,3.7,10.1,41.37,48.97,92.73
10.29,1.73,8.76,29.5,1.67,5.72,7.62,10.05,2.67,24.9,0.27,0.44,0.42,10.29,29.5,43.33,92.07
0.82,32.99,6.71,15.83,4.04,11.54,46.92,8.64,5.47,20.81,0.04,5.41,0.84,15.38,46.92,65.37,85.57
11.14,21.39,22.55,5.94,7.99,7.18,15.95,0.66,3.74,12.8,0.42,1.15,1.02,10.93,22.55,40.91,88.67
28.13,2.91,14.79,10.29,2.25,6.73,2.78,5.39,6.5,9.47,1.83,0.19,0.21,8.93,28.13,36.66,90.13
1.36,7.77,14.22,2.37,2.19,40.34,11.36,12.02,31.42,6.9,0.43,4.58,0.15,12.99,40.34,56.66,84.78
7.55,22.84,3.71,33.68,53.89,25.32,27.13,34.31,6.22,5.83,0.47,6.87,3.14,22.05,53.89,85.2,80.22
7.06,18.26,34.91,49.72,27.23,7.1,23.47,41.71,20.99,30.96,1.48,1.67,8.43,26.14,49.72,92.49,81.29
27.72,13.57,4.83,7.57,29.07,10.16,29.33,37.35,11.02,46.35,3.05,2.98,13.47,21.7,46.35,80.67,78.91
15.95,20.5,12.87,4.19,3.63,15.69,3.86,0.36,17.25,9.41,2.75,0.61,0.34,10.37,20.5,38.97,87.44
6.0,23.9,14.43,15.55,8.16,15.63,14.04,8.45,14.42,5.09,0.87,2.19,0.42,12.57,23.9,43.25,87.4
7.75,22.34,29.56,1.27,47.82,24.27,29.06,53.96,10.16,7.98,0.79,7.05,3.82,23.42,53.96,90.74,81.18
3.58,23.01,18.4,18.53,21.16,15.27,5.03,2.47,6.21,0.35,0.22,0.77,0.07,11.4,23.01,44.44,89.9
18.24,4.49,46.43,11.32,8.09,47.06,11.45,17.36,4.38,51.02,0.8,5.39,4.13,21.99,51.02,89.29,74.95
31.16,0.75,6.34,58.7,0.99,0.63,6.07,17.66,37.0,17.93,11.53,0.04,0.18,17.72,58.7,80.61,81.09
8.03,0.98,9.47,17.94,20.35,26.02,12.11,4.86,26.92,0.65,2.16,3.15,0.13,12.73,26.92,49.63,83.06
0.5,10.67,12.66,9.08,24.3,5.4,17.19,5.57,17.42,0.54,0.09,0.93,0.13,10.33,24.3,40.08,86.12
13.39,8.5,19.18,20.15,52.4,15.41,4.35,35.22,41.92,52.06,5.61,0.67,27.28,26.26,52.4,98.67,71.74
9.35,37.67,35.79,34.73,27.81,52.92,21.15,53.92,7.04,55.81,0.66,11.19,15.52,33.62,55.81,118.69,74.27
16.87,2.85,29.25,18.08,5.63,15.21,28.98,16.52,32.11,20.78,5.42,4.41,1.17,18.63,32.11,65.68,80.49
6.39,1.66,18.3,25.0,16.51,17.82,4.34,8.57,29.39,12.18,1.88,0.77,2.01,14.02,29.39,51.94,82.5
33.18,24.59,43.75,0.84,29.24,37.51,6.6,72.4,5.43,43.42,1.8,2.48,12.7,29.7,72.4,114.38,68.48
7.6,3.03,20.46,13.84,15.46,18.28,1.85,27.34,17.78,2.42,1.35,0.34,0.37,12.81,27.34,48.2,89.68
17.24,15.49,21.56,29.93,15.05,20.29,6.7,6.56,3.76,3.75,0.65,1.36,0.56,14.03,29.93,51.5,85.36
23.83,6.59,21.56,13.83,34.15,1.24,7.28,2.94,8.18,15.75,1.95,0.09,5.38,13.53,34.15,53.02,83.56
2.66,0.63,12.46,28.31,43.44,9.86,15.53,22.75,23.08,10.09,0.61,1.53,4.38,16.88,43.44,65.89,83.03
6.51,24.85,2.45,14.13,11.52,28.03,31.94,8.94,6.45,3.76,0.42,8.95,0.43,13.86,31.94,54.22,81.87
2.0,0.1,7.05,2.05,0.85,19.25,33.66,5.14,19.77,16.01,0.4,6.48,0.14,10.59,33.66,47.28,88.81
18.74,11.67,41.32,6.54,9.6,21.96,20.47,54.99,24.59,11.72,4.61,4.5,1.13,22.16,54.99,83.65,79.48
16.49,7.98,9.01,14.32,0.23,4.15,14.93,43.57,11.48,5.55,1.89,0.62,0.01,12.77,43.57,54.07,86.71
20.7,9.61,12.06,11.9,17.88,16.76,0.13,5.39,0.0,61.16,0.0,0.02,10.94,15.56,61.16,71.96,80.56
4.47,22.5,40.47,9.14,19.25,16.5,20.27,28.6,5.0,17.1,0.22,3.34,3.29,18.33,40.47,66.6,84.87
35.85,5.91,5.92,12.58,10.51,17.55,5.93,23.57,14.15,30.1,5.07,1.04,3.16,16.21,35.85,60.24,81.96
17.33,41.59,4.6,20.73,13.81,19.76,2.15,6.9,6.13,51.81,1.06,0.42,7.15,18.48,51.81,76.39,81.3
7.16,34.42,9.03,19.0,6.6,34.52,6.71,11.39,6.28,4.51,0.45,2.32,0.3,13.96,34.52,56.11,87.21
34.56,12.74,13.32,21.87,5.9,30.36,6.72,17.82,11.01,19.58,3.81,2.04,1.16,17.39,34.56,61.93,75.45
8.69,8.84,7.48,8.61,45.23,1.58,4.83,23.43,0.23,4.82,0.02,0.08,2.18,11.37,45.23,54.11,88.07
21.68,8.33,11.61,10.37,23.05,6.01,3.73,10.34,5.81,19.59,1.26,0.22,4.52,12.05,23.05,43.45,85.41
16.97,13.23,1.87,23.18,17.33,18.47,8.25,30.41,6.87,19.76,1.17,1.52,3.42,15.63,30.41,55.46,86.19
6.22,25.31,3.59,6.53,24.39,14.05,8.35,1.6,31.26,30.75,1.94,1.17,7.5,15.21,31.26,59.35,77.78
20.91,9.47,5.87,17.31,14.21,32.02,32.02,2.76,5.59,30.44,1.17,10.25,4.33,17.06,32.02,63.87,79.17
2.45,3.74,3.41,19.34,3.76,7.61,2.94,2.82,9.21,1.72,0.23,0.22,0.06,5.7,19.34,24.12,93.5
0.0,42.21,1.0,2.16,16.05,9.16,34.37,10.01,21.61,7.5,0.0,3.15,1.2,14.41,42.21,62.71,86.02
16.58,26.2,1.84,30.56,6.36,3.92,14.83,31.42,9.75,9.19,1.62,0.58,0.58,15.07,31.42,57.8,87.82
22.16,13.25,26.01,27.99,3.63,26.66,25.42,5.34,45.16,11.03,10.01,6.78,0.4,20.66,45.16,75.4,75.64
18.48,12.3,19.07,2.11,48.89,8.67,18.61,9.54,3.77,19.62,0.7,1.61,9.59,16.11,48.89,64.52,82.39
19.53,19.99,10.01,5.29,0.76,26.5,8.07,1.16,23.89,7.71,4.67,2.14,0.06,12.29,26.5,48.05,82.94
12.77,4.53,6.17,52.8,16.03,4.04,32.97,13.6,0.63,5.94,0.08,1.33,0.95,14.95,52.8,67.75,84.59
9.79,12.14,10.4,1.34,34.6,6.56,11.36,17.34,7.65,9.36,0.75,0.75,3.24,12.05,34.6,46.57,88.09
9.07,35.46,5.73,9.29,5.43,8.71,13.18,9.17,12.13,40.12,1.1,1.15,2.18,14.83,40.12,59.82,84.27
13.66,23.65,39.54,13.83,14.03,17.01,8.53,19.06,11.64,3.84,1.59,1.45,0.54,16.48,39.54,59.77,85.07
13.42,12.15,14.78,21.57,31.27,3.72,0.0,11.89,1.68,13.07,0.23,0.0,4.09,12.35,31.27,48.14,84.4
0.0,14.26,5.83,8.22,29.25,6.81,12.19,2.96,13.09,5.16,0.0,0.83,1.51,9.78,29.25,39.53,93.63
6.36,14.53,6.96,4.32,26.02,21.83,1.78,2.94,1.78,3.73,0.11,0.39,0.97,9.03,26.02,38.74,90.64
22.87,24.68,7.41,21.18,15.91,29.96,7.78,19.16,9.23,49.9,2.11,2.33,7.94,20.81,49.9,76.09,76.16
5.71,9.9,19.71,28.09,2.83,6.18,4.57,22.99,25.64,15.04,1.46,0.28,0.43,14.07,28.09,52.8,88.2
44.19,25.35,11.97,6.3,0.54,2.24,59.91,14.65,9.36,21.03,4.14,1.34,0.11,19.55,59.91,84.36,77.52
13.65,23.54,4.3,4.16,2.13,5.02,21.86,5.43,24.92,26.54,3.4,1.1,0.57,13.16,26.54,51.37,80.7
25.92,23.83,13.88,19.01,19.87,0.79,9.84,6.2,7.66,0.14,1.99,0.08,0.03,12.71,25.92,48.82,92.17
7.08,7.97,3.36,8.35,17.16,9.25,18.77,2.81,23.78,25.62,1.68,1.74,4.4,12.42,25.62,46.45,85.12
0.23,14.37,15.88,20.74,13.59,3.67,17.56,0.12,1.85,6.14,0.0,0.64,0.83,9.42,20.74,37.9,90.21
0.04,15.82,3.2,4.23,2.76,5.64,41.99,1.78,20.99,19.84,0.01,2.37,0.55,11.63,41.99,54.02,87.71
3.41,8.46,40.92,0.81,15.29,32.81,3.65,11.24,11.38,9.94,0.39,1.2,1.52,13.79,40.92,58.62,86.24
19.72,15.5,12.2,6.08,16.46,41.07,16.15,8.16,1.26,7.63,0.25,6.63,1.26,14.42,41.07,56.21,83.15
12.6,12.39,12.05,8.81,22.22,25.44,24.53,36.67,11.16,33.23,1.41,6.24,7.38,19.91,36.67,69.65,85.84
40.61,11.03,3.69,4.86,33.58,19.27,10.79,31.83,1.02,23.83,0.41,2.08,8.0,18.05,40.61,70.75,77.0
38.72,2.29,38.35,1.02,20.56,36.3,2.61,46.31,28.19,35.98,10.92,0.95,7.4,25.03,46.31,94.65,73.38
5.37,41.72,14.27,4.67,12.76,14.29,10.39,3.32,2.67,10.91,0.14,1.48,1.39,12.04,41.72,51.05,85.45
16.96,19.1,2.65,3.87,9.07,17.18,21.28,5.44,0.0,6.7,0.0,3.66,0.61,10.23,21.28,39.74,85.4
21.09,17.34,16.53,9.65,14.69,0.36,0.17,52.77,24.03,26.89,5.07,0.0,3.95,18.35,52.77,73.58,78.6
6.38,12.61,10.73,22.2,14.59,7.31,4.03,8.81,10.84,32.79,0.69,0.29,4.78,13.03,32.79,48.59,85.22
17.73,27.02,19.6,14.21,40.81,2.81,10.07,31.12,4.03,32.49,0.71,0.28,13.26,19.99,40.81,73.79,78.82
11.29,31.23,12.51,3.01,2.95,3.2,25.01,28.48,6.59,13.16,0.74,0.8,0.39,13.74,31.23,54.22,85.3
19.39,13.71,35.78,4.25,2.57,39.72,12.76,29.66,8.51,18.71,1.65,5.07,0.48,18.51,39.72,70.09,83.55
5.96,1.85,14.86,10.04,7.9,4.72,11.62,3.05,13.7,3.19,0.82,0.55,0.25,7.69,14.86,28.06,91.31
9.34,3.63,26.58,29.79,13.41,13.01,7.18,19.18,3.35,5.29,0.31,0.93,0.71,13.08,29.79,50.02,87.72
39.06,8.65,53.32,16.33,1.15,16.8,47.05,31.22,2.1,18.42,0.82,7.9,0.21,23.41,53.32,92.33,79.35
8.61,2.86,22.99,9.02,25.6,31.99,15.82,16.15,5.38,9.18,0.46,5.06,2.35,14.76,31.99,54.73,85.17
27.74,4.66,14.95,1.08,7.94,2.11,5.91,45.86,25.27,11.25,7.01,0.12,0.89,14.68,45.86,63.13,82.18
28.17,45.75,19.94,16.87,27.2,12.68,13.55,45.37,24.08,32.0,6.78,1.72,8.7,26.56,45.75,91.19,73.6
1.21,10.79,8.26,15.23,17.03,4.4,12.99,2.27,0.46,15.27,0.01,0.57,2.6,8.79,17.03,33.69,93.55
1.67,10.09,30.42,45.07,34.13,22.34,5.2,29.9,16.85,22.6,0.28,1.16,7.71,21.83,45.07,80.26,82.22
38.84,21.85,13.48,11.79,32.76,10.24,23.23,14.33,32.18,65.76,12.5,2.38,21.54,26.45,65.76,97.93,66.32
22.69,27.79,0.38,6.78,10.19,27.54,0.61,6.2,9.07,29.64,2.06,0.17,3.02,14.09,29.64,56.52,83.39
8.65,18.06,17.77,36.73,0.34,10.78,21.18,17.86,0.0,27.2,0.0,2.28,0.09,15.86,36.73,60.74,88.61
18.38,5.58,29.38,26.99,9.64,8.71,10.27,2.33,21.63,66.41,3.98,0.89,6.4,19.93,66.41,84.37,81.53
0.64,3.56,25.39,11.51,12.83,7.52,13.05,8.96,25.53,11.1,0.16,0.98,1.42,12.01,25.53,45.14,91.55
26.65,24.61,30.34,1.44,33.69,15.83,0.44,28.27,19.72,35.24,5.26,0.07,11.87,21.62,35.24,77.8,77.15
7.64,24.25,16.45,5.3,14.71,0.21,2.61,15.26,13.16,6.07,1.01,0.01,0.89,10.57,24.25,40.14,92.5
17.08,6.66,22.08,20.94,20.58,14.2,20.89,10.96,4.68,0.13,0.8,2.97,0.03,13.82,22.08,49.65,89.55
0.0,1.62,2.26,5.46,7.01,30.33,42.31,1.41,22.88,17.38,0.0,12.83,1.22,13.07,42.31,60.21,82.65
17.66,18.03,51.68,9.2,34.16,3.05,6.33,16.34,13.32,34.36,2.35,0.19,11.74,20.41,51.68,78.95,80.66
0.0,24.06,4.38,13.08,24.64,16.27,26.65,19.52,18.66,4.11,0.0,4.34,1.01,15.14,26.65,55.65,85.48
13.59,25.43,18.51,2.04,0.63,28.19,3.33,14.68,11.5,23.91,1.56,0.94,0.15,14.18,28.19,53.89,82.75
18.62,0.21,8.54,16.14,7.23,13.42,0.5,7.25,2.22,26.62,0.41,0.07,1.92,10.08,26.62,40.98,87.18
4.51,12.68,15.98,15.82,6.79,17.79,28.52,23.7,11.83,24.47,0.53,5.07,1.66,16.21,28.52,56.24,88.93
12.02,9.68,14.91,1.53,4.83,17.41,13.64,29.26,17.74,10.74,2.13,2.37,0.52,13.18,29.26,47.56,83.65
41.35,14.04,15.87,3.69,14.69,14.44,24.13,2.24,17.63,13.4,7.29,3.48,1.97,16.15,41.35,60.62,79.95
1.65,20.84,36.94,43.5,0.66,45.65,4.16,26.17,14.07,19.12,0.23,1.9,0.13,21.28,45.65,83.93,80.52
13.6,17.71,5.28,7.33,20.14,7.18,15.7,16.77,7.13,4.02,0.97,1.13,0.81,11.49,20.14,40.4,87.97
7.81,26.48,55.24,0.39,24.88,42.04,4.83,9.08,4.56,22.24,0.36,2.03,5.53,19.75,55.24,82.6,80.58
9.84,12.91,14.03,1.72,20.89,15.98,2.97,53.46,12.73,24.94,1.25,0.47,5.21,16.95,53.46,69.32,84.19
11.15,15.3,34.63,13.08,26.02,17.86,8.55,42.64,22.6,19.13,2.52,1.53,4.98,21.1,42.64,74.12,80.0
4.66,5.53,16.83,28.32,33.14,3.44,16.99,27.48,22.76,18.13,1.06,0.58,6.01,17.73,33.14,64.33,81.9
4.48,15.92,7.27,11.39,48.06,2.97,8.4,25.42,5.74,24.81,0.26,0.25,11.92,15.45,48.06,64.34,85.75
18.88,25.0,21.58,40.89,31.74,0.97,4.9,3.79,8.13,3.1,1.53,0.05,0.98,15.9,40.89,65.13,84.77
27.42,2.39,18.79,38.89,8.99,32.81,48.51,25.16,5.68,27.36,1.56,15.92,2.46,23.6,48.51,86.87,81.71
31.02,3.69,25.95,24.28,7.59,2.28,8.96,25.13,7.9,24.29,2.45,0.2,1.84,16.11,31.02,60.54,84.99
4.62,14.67,13.77,8.67,35.68,13.28,1.16,24.89,18.65,6.49,0.86,0.15,2.32,14.19,35.68,54.42,85.77
1.16,5.45,21.81,28.13,18.48,6.59,21.77,17.99,32.93,4.38,0.38,1.43,0.81,15.87,32.93,59.87,84.98
9.95,33.71,22.39,38.46,23.92,44.73,3.92,31.41,1.31,18.92,0.13,1.75,4.53,22.87,44.73,84.56,83.03
21.64,7.53,39.58,52.02,22.54,3.58,17.67,5.29,8.1,13.25,1.75,0.63,2.99,19.12,52.02,76.81,86.41
4.49,0.87,46.91,45.28,0.1,18.69,4.32,42.99,29.34,19.46,1.32,0.81,0.02,21.24,46.91,87.9,81.76
6.51,4.72,1.33,14.4,9.32,22.42,18.66,23.86,0.0,27.18,0.0,4.18,2.53,12.84,27.18,50.2,91.53
27.5,22.76,19.77,12.13,7.51,8.5,15.63,5.92,27.78,29.62,7.64,1.33,2.22,17.71,29.62,62.2,80.84
4.64,5.05,0.95,18.73,1.87,16.04,29.89,39.26,5.73,23.88,0.27,4.79,0.45,14.6,39.26,60.8,90.26
18.44,11.3,14.13,34.83,10.59,16.45,5.63,15.58,25.49,28.9,4.7,0.93,3.06,18.13,34.83,63.43,80.6
5.51,22.2,3.22,23.76,40.52,21.49,4.79,1.64,1.59,6.68,0.09,1.03,2.71,13.14,40.52,57.23,83.69
17.29,10.36,20.48,14.39,19.04,35.48,33.56,13.83,41.82,17.8,7.23,11.91,3.39,22.41,41.82,77.7,72.52
13.34,21.4,11.75,29.36,5.11,3.12,25.24,10.86,14.51,7.74,1.94,0.79,0.4,14.24,29.36,51.94,87.32
3.1,13.9,33.67,19.96,16.59,40.51,7.85,41.03,4.33,6.68,0.13,3.18,1.11,18.76,41.03,73.89,84.95
9.09,2.31,48.28,11.02,15.41,3.45,32.14,10.0,16.53,28.66,1.5,1.11,4.42,17.69,48.28,70.84,85.16
19.98,32.55,22.16,15.62,23.69,16.68,9.44,6.2,10.74,11.8,2.15,1.57,2.8,16.89,32.55,58.44,81.01
29.25,7.19,7.85,42.62,28.44,6.94,46.5,15.63,7.1,3.5,2.08,3.23,1.0,19.5,46.5,78.18,82.15
15.56,24.7,5.25,14.16,7.58,10.84,20.65,0.15,2.07,40.46,0.32,2.24,3.07,14.14,40.46,57.65,86.4
21.58,31.07,29.18,27.83,26.29,29.79,11.12,44.93,0.04,7.67,0.01,3.31,2.02,22.95,44.93,82.68,81.76
1.78,2.63,48.82,3.88,15.14,39.9,17.11,22.37,4.63,34.08,0.08,6.83,5.16,19.04,48.82,78.78,80.28
6.76,13.0,43.14,22.71,42.51,8.51,6.24,52.55,34.93,1.15,2.36,0.53,0.49,23.15,52.55,92.16,78.38
4.01,19.34,2.02,21.06,21.11,3.93,1.69,1.52,11.8,3.86,0.47,0.07,0.81,9.03,21.11,38.18,89.61
20.94,11.88,47.26,2.63,9.25,14.21,12.59,0.83,21.12,14.52,4.42,1.79,1.34,15.52,47.26,62.63,80.12
4.36,26.05,32.57,18.92,6.41,4.84,9.97,21.45,14.85,15.86,0.65,0.48,1.02,15.53,32.57,56.68,86.98
17.38,13.06,2.77,29.92,19.15,15.01,30.05,3.61,11.66,36.72,2.03,4.51,7.03,17.93,36.72,66.09,82.28
2.81,14.54,4.4,2.39,7.18,33.39,16.36,2.34,17.15,2.26,0.48,5.46,0.16,10.28,33.39,44.54,84.54
10.48,7.36,41.51,20.15,0.0,9.13,0.0,3.4,16.58,27.51,1.74,0.0,0.0,13.61,41.51,58.48,85.94
0.76,10.5,27.17,0.68,17.47,2.37,3.46,4.4,28.8,12.54,0.22,0.08,2.19,10.81,28.8,46.67,87.2
15.99,1.21,10.1,0.12,17.11,14.28,18.17,42.62,3.45,32.16,0.55,2.59,5.5,15.52,42.62,63.63,87.61
11.78,1.47,39.49,15.73,8.4,31.92,22.65,23.87,2.54,10.66,0.3,7.23,0.9,16.85,39.49,65.12,87.52
0.88,9.48,12.75,19.29,26.24,1.12,11.11,16.82,16.71,4.13,0.15,0.12,1.08,11.85,26.24,44.92,86.68
0.4,14.53,1.76,9.45,5.16,16.47,10.14,13.95,0.0,10.92,0.0,1.67,0.56,8.28,16.47,31.91,94.1
12.77,0.96,15.69,18.13,17.63,39.81,14.88,4.61,9.65,11.52,1.23,5.92,2.03,14.57,39.81,55.7,81.26
7.13,16.5,2.46,38.1,26.69,7.68,13.8,16.72,6.25,8.7,0.45,1.06,2.32,14.4,38.1,56.01,83.06
16.28,7.4,36.62,26.6,4.27,1.84,7.5,25.63,6.01,20.05,0.98,0.14,0.86,15.22,36.62,59.5,88.84
27.53,2.09,1.19,12.67,18.06,2.73,2.16,28.58,22.54,19.74,6.21,0.06,3.57,13.73,28.58,54.56,86.32
0.19,31.08,14.39,0.32,2.32,36.17,5.62,20.9,6.28,30.75,0.01,2.03,0.71,14.8,36.17,62.77,88.56
12.38,30.0,4.91,17.13,14.42,8.13,24.94,45.11,15.38,8.3,1.9,2.03,1.2,18.07,45.11,67.88,81.81
9.08,16.69,22.81,0.4,6.01,5.45,0.85,9.27,42.82,10.73,3.89,0.05,0.64,12.41,42.82,54.61,85.05
19.36,30.93,4.85,13.47,28.05,34.64,7.42,27.82,2.85,12.45,0.55,2.57,3.49,18.18,34.64,67.2,82.76
31.57,7.21,18.04,10.28,21.14,26.01,4.22,17.92,27.09,46.63,8.55,1.1,9.86,21.01,46.63,76.48,70.89
15.5,6.36,25.39,31.04,22.88,29.85,1.4,30.79,1.45,24.06,0.22,0.42,5.5,18.87,31.04,69.53,82.98
2.92,17.37,63.3,1.89,24.92,43.68,2.38,26.03,9.88,38.66,0.29,1.04,9.63,23.1,63.3,95.53,74.96
8.36,20.39,13.53,3.81,36.36,18.18,18.63,15.31,3.84,6.02,0.32,3.39,2.19,14.44,36.36,54.48,81.87
23.31,19.71,27.86,17.73,0.09,1.5,7.53,13.56,1.08,5.49,0.25,0.11,0.0,11.78,27.86,47.92,88.72
7.19,0.95,8.64,16.88,8.97,13.18,11.94,23.73,15.51,6.85,1.12,1.57,0.61,11.38,23.73,40.74,88.3
2.26,14.01,17.03,13.98,34.38,22.89,11.57,13.18,1.9,44.81,0.04,2.65,15.41,17.6,44.81,68.64,82.07
6.84,11.76,17.32,0.66,3.78,21.53,7.57,23.03,15.6,2.82,1.07,1.63,0.11,11.09,23.03,42.45,84.92
20.45,18.14,11.33,10.81,17.89,33.03,6.11,34.03,31.72,44.57,6.49,2.02,7.97,22.81,44.57,81.19,72.96
6.96,12.06,15.58,9.43,0.33,18.17,8.16,0.47,8.56,27.68,0.6,1.48,0.09,10.74,27.68,41.98,84.98
28.51,24.66,6.22,0.27,6.52,5.21,23.51,2.09,13.15,1.97,3.75,1.22,0.13,11.21,28.51,47.58,85.29
10.21,22.83,17.58,46.81,56.48,0.94,10.26,25.47,7.77,1.54,0.79,0.1,0.87,19.99,56.48,84.46,83.53
1.25,6.24,4.07,1.78,8.59,35.58,7.17,25.96,17.71,15.7,0.22,2.55,1.35,12.41,35.58,51.82,85.64
15.13,13.39,14.99,16.94,20.07,23.74,25.67,48.47,6.73,49.73,1.02,6.09,9.98,23.49,49.73,86.1,77.69
0.0,6.2,9.96,8.98,24.49,8.99,20.12,2.11,8.91,2.51,0.0,1.81,0.61,9.23,24.49,37.34,87.41
8.33,5.08,27.63,9.28,15.03,24.88,17.95,20.5,28.24,4.45,2.35,4.47,0.67,16.14,28.24,57.88,80.9
10.15,9.7,40.26,60.56,24.16,34.16,2.22,39.55,17.82,35.35,1.81,0.76,8.54,27.39,60.56,101.85,75.08
22.03,1.98,34.24,4.68,19.23,13.77,10.29,10.39,15.1,5.5,3.33,1.42,1.06,13.72,34.24,52.1,86.97
3.61,0.89,17.34,14.24,9.56,14.93,10.1,18.39,6.58,1.65,0.24,1.51,0.16,9.73,18.39,36.3,89.56
26.35,38.85,22.76,17.02,13.07,0.0,10.01,3.01,7.08,4.87,1.87,0.0,0.64,14.3,38.85,58.01,81.08
20.07,36.87,7.96,11.08,13.21,11.47,6.48,9.34,7.55,29.94,1.52,0.74,3.96,15.4,36.87,57.77,84.7
10.82,26.74,13.7,31.39,10.45,20.32,37.46,7.77,3.63,19.13,0.39,7.61,2.0,18.14,37.46,66.1,82.13
8.64,5.48,27.21,27.5,9.74,18.49,27.78,31.71,0.2,20.19,0.02,5.14,1.97,17.7,31.71,64.99,87.78
8.22,1.4,14.09,11.92,0.05,30.72,0.49,33.8,2.01,3.33,0.17,0.15,0.0,10.6,33.8,50.11,85.4
10.59,9.47,16.81,19.55,19.42,0.16,28.6,6.11,8.67,5.45,0.92,0.05,1.06,12.48,28.6,46.94,88.89
5.57,10.49,35.82,11.57,15.08,15.13,8.37,38.52,9.57,7.33,0.53,1.27,1.11,15.75,38.52,60.94,87.4
37.61,50.29,42.13,13.94,14.12,12.61,27.16,28.57,2.53,50.82,0.95,3.42,7.18,27.98,50.82,102.05,74.07
4.55,17.3,8.43,19.09,13.06,19.07,13.98,35.56,15.31,12.94,0.7,2.67,1.69,15.93,35.56,56.14,87.03
8.89,18.35,15.69,44.6,41.35,5.27,13.95,39.04,13.99,19.24,1.24,0.74,7.96,22.04,44.6,81.69,80.17
3.27,0.67,16.57,7.11,8.04,14.91,19.5,3.86,13.55,7.84,0.44,2.91,0.63,9.53,19.5,35.54,90.86
14.39,12.87,11.74,24.78,27.18,23.62,11.25,11.17,11.01,12.5,1.58,2.66,3.4,16.05,27.18,54.31,84.4
3.77,4.77,3.66,4.58,5.73,3.21,4.51,6.12,0.24,5.72,0.01,0.14,0.33,4.23,6.12,14.32,99.0
4.01,15.48,17.37,14.3,27.25,12.87,15.55,13.11,13.54,25.98,0.54,2.0,7.08,15.95,27.25,54.24,84.32
1.19,22.08,14.46,19.81,16.76,20.06,8.84,6.64,15.47,6.54,0.18,1.77,1.1,13.18,22.08,46.67,83.98
8.85,36.75,17.09,22.97,56.8,25.21,11.13,47.25,6.56,40.66,0.58,2.81,23.09,27.33,56.8,100.81,76.2
2.4,20.28,44.44,14.21,12.72,2.71,5.66,4.08,8.37,11.8,0.2,0.15,1.5,12.67,44.44,54.96,87.05
19.19,39.19,32.02,17.77,7.65,11.95,9.67,4.99,11.0,3.0,2.11,1.16,0.23,15.64,39.19,60.78,81.06
17.08,23.33,1.25,17.39,29.46,24.52,3.65,37.88,19.61,25.54,3.35,0.89,7.52,19.97,37.88,71.37,74.08
11.7,2.45,23.63,10.24,37.93,36.81,8.77,30.8,20.66,18.31,2.42,3.23,6.94,20.13,37.93,73.4,78.47
16.35,2.03,12.51,7.15,27.38,27.78,50.29,9.96,8.28,15.35,1.35,13.97,4.2,17.71,50.29,70.23,80.42
3.49,9.45,2.22,0.56,3.42,16.5,13.14,7.86,20.64,10.98,0.72,2.17,0.38,8.83,20.64,34.23,88.64
10.04,0.87,10.04,5.9,46.93,0.44,12.97,16.28,13.98,2.09,1.4,0.06,0.98,11.96,46.93,55.44,84.78
13.7,19.52,9.42,37.91,28.43,7.73,5.38,35.01,19.69,43.99,2.7,0.42,12.51,22.08,43.99,80.87,79.48
18.32,20.78,19.7,23.03,6.34,13.5,15.03,17.29,1.73,2.16,0.32,2.03,0.14,13.79,23.03,49.4,91.71
6.33,24.06,27.4,35.38,57.84,55.88,9.8,58.98,17.87,8.15,1.13,5.48,4.71,30.17,58.98,114.23,71.43
29.39,5.91,37.23,3.29,8.86,24.92,28.3,26.51,39.68,14.69,11.66,7.05,1.3,21.88,39.68,79.3,71.18
15.35,0.86,7.03,8.22,33.64,10.82,5.95,6.8,13.87,23.17,2.13,0.64,7.79,12.57,33.64,49.12,82.9
12.72,33.0,4.82,13.05,11.42,16.64,36.64,12.48,17.01,24.76,2.16,6.1,2.83,18.25,36.64,65.21,81.14
6.72,22.09,25.4,6.37,50.23,22.29,9.28,63.97,34.86,21.44,2.34,2.07,10.77,26.27,63.97,100.46,72.62
1.14,5.75,9.66,1.41,16.11,7.37,20.49,26.07,13.0,11.72,0.15,1.51,1.89,11.27,26.07,43.01,88.73
12.41,2.18,45.33,65.54,3.12,31.78,13.39,10.07,6.5,7.18,0.81,4.26,0.22,19.75,65.54,88.9,83.51
19.8,7.54,30.6,32.16,39.19,38.59,3.7,57.28,15.2,27.81,3.01,1.43,10.9,27.19,57.28,98.71,73.11
12.24,14.6,0.04,8.05,24.7,19.55,1.02,51.51,43.37,53.53,5.31,0.2,13.22,22.86,53.53,93.92,75.72
3.66,34.85,26.67,3.78,26.05,16.26,4.35,0.7,11.81,16.12,0.43,0.71,4.2,14.43,34.85,57.58,78.03
16.11,8.04,25.63,5.36,18.59,5.11,29.94,40.25,9.91,31.32,1.6,1.53,5.82,19.02,40.25,70.55,84.31
20.27,21.64,5.0,4.0,47.57,31.19,35.93,42.76,22.37,32.43,4.53,11.21,15.43,26.32,47.57,93.95,70.75
10.5,1.22,28.49,10.17,4.82,21.45,14.09,16.99,19.28,5.13,2.02,3.02,0.25,13.21,28.49,48.94,87.26
16.3,21.67,31.92,20.29,40.54,12.1,12.16,7.91,2.2,45.01,0.36,1.47,18.25,21.01,45.01,78.72,81.41
31.4,42.61,26.89,3.27,22.84,57.96,24.37,20.37,1.4,17.09,0.44,14.12,3.9,24.82,57.96,93.38,70.73
17.41,29.09,21.58,19.76,26.77,16.79,26.17,36.45,3.67,60.59,0.64,4.39,16.22,25.83,60.59,93.29,75.34
13.15,13.68,34.4,21.46,17.63,26.48,31.12,23.03,19.5,7.49,2.56,8.24,1.32,20.79,34.4,70.36,80.64
33.02,7.4,15.87,13.08,17.01,12.0,2.24,15.57,31.61,8.71,10.44,0.27,1.48,15.65,33.02,57.65,80.26
6.64,6.53,36.27,39.08,40.1,40.22,6.17,62.8,18.62,33.17,1.24,2.48,13.3,28.96,62.8,107.63,73.65
11.98,30.43,12.99,3.38,10.67,26.25,18.13,30.19,3.76,28.64,0.45,4.76,3.06,17.64,30.43,64.24,81.64
7.59,9.5,20.9,3.46,35.04,5.36,34.89,0.8,1.83,13.08,0.14,1.87,4.58,13.24,35.04,56.97,88.34
26.54,25.33,29.96,15.49,20.57,14.77,44.73,44.99,19.15,32.55,5.08,6.61,6.7,27.41,44.99,92.61,72.88
21.11,4.38,23.37,16.7,47.56,60.06,17.03,32.83,8.69,12.46,1.83,10.23,5.93,24.42,60.06,93.58,73.95
6.81,12.94,23.22,0.81,12.51,13.6,31.47,15.06,2.16,0.59,0.15,4.28,0.07,11.92,31.47,48.14,90.26
5.86,3.72,22.28,31.57,11.91,8.83,23.08,1.23,18.08,22.54,1.06,2.04,2.68,14.91,31.57,55.95,85.79
38.93,27.57,4.49,1.45,14.63,17.49,24.67,33.64,20.27,14.38,7.89,4.31,2.1,19.75,38.93,71.94,72.5
28.6,2.84,6.32,49.1,12.1,26.45,30.3,39.97,17.54,0.38,5.02,8.01,0.05,21.36,49.1,83.34,78.65
7.22,6.45,8.4,17.15,5.94,8.39,8.8,1.39,1.68,0.26,0.12,0.74,0.02,6.57,17.15,25.42,93.42
9.76,24.16,16.55,2.75,31.2,19.73,44.82,25.23,21.62,9.71,2.11,8.84,3.03,20.55,44.82,74.37,79.08
17.14,3.69,8.39,19.52,62.68,32.46,27.01,27.42,9.12,19.18,1.56,8.77,12.02,22.66,62.68,87.61,76.22
17.13,48.87,16.98,24.43,17.98,23.49,6.35,16.54,9.0,25.92,1.54,1.49,4.66,20.67,48.87,74.22,79.02
15.73,11.61,12.72,37.15,19.58,10.84,25.64,7.53,4.47,8.65,0.7,2.78,1.69,15.39,37.15,56.86,87.09
7.51,12.26,10.0,34.01,19.87,8.75,7.66,17.71,2.68,0.0,0.2,0.67,0.0,12.05,34.01,48.11,88.05
0.35,7.34,2.7,6.63,9.37,2.8,4.73,10.12,17.29,19.94,0.06,0.13,1.87,8.13,19.94,31.98,91.9
14.52,2.78,43.87,8.89,0.26,13.35,24.34,26.7,8.93,39.58,1.3,3.25,0.1,18.32,43.87,73.15,80.19
8.61,19.18,9.94,9.19,27.64,16.66,3.79,5.65,38.92,9.05,3.35,0.63,2.5,14.86,38.92,57.53,75.81
28.18,12.08,11.06,14.26,8.48,12.73,45.41,42.96,34.4,37.51,9.69,5.78,3.18,24.71,45.41,89.43,76.47
17.94,33.57,49.49,0.99,25.57,22.02,15.68,63.54,10.06,31.69,1.8,3.45,8.1,27.06,63.54,102.11,75.59
20.28,14.12,22.08,3.29,0.28,2.6,23.0,11.28,16.17,11.62,3.28,0.6,0.03,12.47,23.0,46.57,87.48
27.06,7.24,1.34,36.16,17.76,17.58,17.76,35.02,0.31,2.92,0.08,3.12,0.52,16.31,36.16,65.34,84.59
18.02,25.54,4.07,0.98,30.95,27.68,25.57,29.42,12.17,2.64,2.19,7.08,0.82,17.7,30.95,66.28,80.1
18.7,4.67,8.52,7.25,0.17,18.87,34.53,13.87,5.22,25.66,0.98,6.52,0.04,13.75,34.53,54.06,86.74
14.2,26.35,1.97,17.04,9.06,1.88,10.66,15.34,4.57,14.73,0.65,0.2,1.33,11.58,26.35,43.16,89.67
1.24,34.15,14.98,22.14,9.93,12.53,4.99,11.1,22.26,7.88,0.28,0.63,0.78,14.12,34.15,53.32,85.19
32.54,16.52,27.78,17.31,5.74,16.88,2.98,15.66,20.94,31.14,6.81,0.5,1.79,18.75,32.54,66.21,78.11
5.58,4.77,10.52,7.41,20.59,37.81,17.88,1.2,14.79,29.99,0.83,6.76,6.17,15.05,37.81,59.26,80.55
5.54,7.94,20.79,34.27,13.56,23.58,41.22,37.39,12.03,33.22,0.67,9.72,4.5,22.95,41.22,82.37,82.93
1.05,19.22,5.19,8.15,3.54,37.15,10.76,2.38,17.35,21.85,0.18,4.0,0.77,12.66,37.15,52.5,82.97
17.33,10.28,22.82,20.98,28.92,13.31,9.14,6.47,3.82,0.33,0.66,1.22,0.1,13.34,28.92,50.2,86.35
7.79,5.31,10.17,7.25,20.38,17.84,26.57,14.38,18.39,41.99,1.43,4.74,8.56,17.01,41.99,63.18,84.01
39.22,3.1,12.61,16.17,16.79,37.06,19.43,56.48,11.84,3.24,4.64,7.2,0.54,21.59,56.48,85.68,75.9
3.72,17.41,1.72,5.79,13.99,3.99,15.0,3.87,3.6,3.98,0.13,0.6,0.56,7.31,17.41,28.88,91.75
3.11,0.12,30.3,10.2,29.41,3.81,48.79,16.13,4.82,15.42,0.15,1.86,4.54,16.21,48.79,69.38,88.39
17.12,24.29,7.2,24.72,20.91,27.91,19.38,32.22,0.88,4.98,0.15,5.41,1.04,17.96,32.22,64.81,88.6
27.41,32.92,37.49,26.35,14.32,28.3,12.48,26.46,7.07,25.18,1.94,3.53,3.61,23.8,37.49,80.5,80.74
25.23,5.62,8.36,2.53,12.71,13.27,4.84,17.35,3.41,0.88,0.86,0.64,0.11,9.42,25.23,37.67,86.8
28.6,21.75,13.09,17.48,12.61,0.31,19.77,15.83,16.84,6.94,4.82,0.06,0.88,15.32,28.6,53.86,79.88
4.51,0.74,5.1,34.26,46.14,11.8,1.24,11.92,10.6,3.19,0.48,0.15,1.47,12.95,46.14,61.28,88.06
10.06,7.92,15.45,29.87,22.49,18.96,10.07,12.53,9.58,10.26,0.96,1.91,2.31,14.72,29.87,51.15,85.76
15.96,49.39,0.29,23.86,23.57,13.21,1.46,27.76,5.21,20.93,0.83,0.19,4.93,18.16,49.39,72.33,81.46
12.91,12.59,3.55,6.64,2.75,34.01,0.93,0.51,8.83,13.95,1.14,0.32,0.38,9.67,34.01,42.65,85.78
12.07,0.0,7.54,6.43,11.29,5.57,9.61,6.89,13.96,37.71,1.68,0.54,4.26,11.11,37.71,46.46,90.56
20.5,12.63,25.85,9.3,18.2,20.01,15.9,30.7,2.41,2.82,0.49,3.18,0.51,15.83,30.7,57.24,86.44
4.56,4.79,9.21,1.44,7.67,14.05,10.88,8.74,9.06,10.35,0.41,1.53,0.79,8.07,14.05,27.76,94.68
2.75,9.12,50.58,21.63,1.13,14.12,26.35,4.08,15.18,15.58,0.42,3.72,0.18,16.05,50.58,67.1,89.84
12.75,3.3,10.18,27.79,23.46,35.29,2.36,21.86,9.45,44.85,1.2,0.83,10.52,19.13,44.85,73.68,79.96
8.96,9.52,27.89,8.56,3.7,16.23,0.0,9.06,12.34,15.8,1.11,0.0,0.58,11.21,27.89,42.23,89.33
7.85,24.78,17.72,12.27,23.9,6.07,26.59,9.92,13.39,29.38,1.05,1.61,7.02,17.19,29.38,59.97,85.34
20.08,2.69,19.79,6.91,32.43,9.72,9.53,2.42,20.47,19.9,4.11,0.93,6.45,14.39,32.43,53.92,81.57
27.56,35.78,20.75,8.61,36.57,13.35,9.79,17.27,20.73,23.38,5.71,1.31,8.55,21.38,36.57,73.69,74.47
20.85,24.18,14.2,2.26,11.19,8.01,13.51,38.19,10.11,22.95,2.11,1.08,2.57,16.54,38.19,60.7,82.92
9.43,20.93,48.64,29.68,56.51,28.93,14.76,48.22,26.6,8.09,2.51,4.27,4.57,29.18,56.51,105.46,72.64
9.46,11.8,11.39,27.64,29.55,19.04,19.39,53.6,27.39,4.8,2.59,3.69,1.42,21.41,53.6,79.88,80.54
9.37,2.82,20.76,3.24,26.59,14.43,0.74,6.88,5.05,5.42,0.47,0.11,1.44,9.53,26.59,39.44,88.22
31.95,20.22,2.55,3.1,48.19,29.66,28.69,2.26,11.2,2.99,3.58,8.51,1.44,18.08,48.19,74.9,80.16
33.33,36.68,2.48,9.59,24.46,12.62,7.82,4.0,2.3,3.1,0.77,0.99,0.76,13.64,36.68,58.34,82.51
0.87,10.15,14.88,4.57,26.87,16.06,15.33,50.97,5.22,29.66,0.05,2.46,7.97,17.46,50.97,71.17,82.64
0.26,22.73,31.88,1.46,42.95,48.06,15.18,15.68,9.33,7.46,0.02,7.3,3.2,19.5,48.06,79.43,81.26
30.09,14.94,46.97,16.84,52.58,51.33,2.04,17.25,3.29,49.05,0.99,1.05,25.79,28.44,52.58,108.33,71.35
7.44,10.43,24.56,3.96,4.35,9.42,24.22,6.42,15.0,4.67,1.12,2.28,0.2,11.05,24.56,42.01,87.24
25.12,8.29,16.23,1.47,40.08,20.61,11.77,6.88,5.73,9.29,1.44,2.43,3.72,14.55,40.08,57.46,80.99
5.42,28.74,33.19,14.97,38.39,33.41,18.03,41.14,26.64,57.48,1.44,6.02,22.07,29.74,57.48,103.94,72.08
20.17,2.18,33.47,21.85,4.11,2.65,17.53,25.22,31.61,3.29,6.38,0.46,0.14,16.21,33.47,63.14,84.55
0.27,31.5,6.6,19.36,10.44,12.97,44.26,1.58,25.69,46.67,0.07,5.74,4.87,19.94,46.67,80.55,77.24
21.74,1.88,22.62,8.29,44.58,42.33,7.26,29.93,14.39,26.19,3.13,3.07,11.68,21.92,44.58,81.71,73.98
21.3,8.63,27.14,4.77,13.8,43.37,15.6,26.08,11.32,48.38,2.41,6.77,6.68,22.04,48.38,82.17,79.23
2.63,35.43,5.74,0.29,18.6,17.52,13.21,38.28,0.22,56.78,0.01,2.31,10.56,18.87,56.78,82.54,84.49
21.75,7.64,37.5,2.17,6.52,23.08,2.95,53.68,9.07,4.23,1.97,0.68,0.28,16.86,53.68,74.22,83.15
22.62,20.12,0.77,20.46,7.24,39.86,31.12,22.05,18.93,6.02,4.28,12.4,0.44,18.92,39.86,69.47,79.68
5.48,25.92,10.17,10.55,12.54,8.5,14.1,21.0,12.24,22.96,0.67,1.2,2.88,14.35,25.92,49.63,83.35
32.02,23.42,10.61,0.67,17.07,10.3,23.33,19.24,5.2,18.24,1.67,2.4,3.11,16.01,32.02,57.95,85.02
45.63,3.56,12.43,3.96,53.94,16.43,16.19,28.69,21.29,11.68,9.71,2.66,6.3,21.38,53.94,84.38,68.73
0.16,8.18,8.27,7.09,22.78,34.52,2.77,45.33,16.3,14.08,0.03,0.96,3.21,15.95,45.33,66.5,82.46
10.85,36.75,3.45,3.61,3.67,4.98,4.44,7.0,26.8,28.94,2.91,0.22,1.06,13.05,36.75,56.18,83.08
6.77,14.04,8.16,10.77,16.05,0.96,9.71,27.9,5.68,13.07,0.38,0.09,2.1,11.31,27.9,41.95,88.94
28.38,21.8,14.41,38.88,3.93,15.49,36.63,44.74,9.85,25.54,2.8,5.67,1.0,23.97,44.74,85.72,78.39
13.88,11.83,6.41,8.95,6.07,1.0,10.01,0.62,23.2,16.17,3.22,0.1,0.98,9.81,23.2,37.31,87.22
2.74,35.84,3.86,25.69,38.64,31.04,22.22,49.24,35.19,3.74,0.96,6.9,1.45,24.82,49.24,92.71,73.95
10.47,15.36,12.96,4.4,4.85,11.08,15.42,0.93,4.27,8.82,0.45,1.71,0.43,8.86,15.42,31.84,88.62
3.25,7.14,21.26,18.48,2.07,24.96,0.5,33.4,7.34,35.3,0.24,0.12,0.73,15.37,35.3,62.44,89.27
22.34,3.12,0.24,21.67,17.47,26.65,26.89,11.08,1.81,3.04,0.4,7.17,0.53,13.43,26.89,53.41,83.47
10.44,1.94,23.26,14.98,6.94,7.09,8.69,16.76,27.9,58.12,2.91,0.62,4.03,17.61,58.12,74.09,79.09
0.61,30.71,9.17,6.82,29.48,24.35,8.15,21.04,35.39,13.58,0.22,1.98,4.0,17.93,35.39,66.95,79.09
10.47,1.14,25.92,31.7,31.7,21.03,20.31,42.02,11.65,56.49,1.22,4.27,17.91,25.24,56.49,93.49,79.87
9.44,20.11,13.17,4.3,41.11,33.99,4.94,26.85,24.09,56.15,2.27,1.68,23.08,23.41,56.15,89.49,71.92
34.23,10.26,24.87,3.53,15.18,19.17,11.18,41.24,6.0,15.06,2.05,2.14,2.29,18.07,41.24,67.78,82.52
11.38,7.4,19.7,8.96,17.41,22.98,13.6,8.67,9.08,12.86,1.03,3.13,2.24,13.2,22.98,44.63,89.46
18.1,29.68,2.74,26.9,10.3,9.59,6.32,36.15,16.6,31.84,3.0,0.61,3.28,18.82,36.15,69.09,82.09
0.0,5.07,37.65,18.51,21.25,4.75,1.69,3.25,29.67,28.72,0.0,0.08,6.1,15.06,37.65,63.08,81.42
28.19,34.53,4.35,9.22,33.55,12.03,6.49,68.05,2.64,29.95,0.74,0.78,10.05,22.9,68.05,94.55,79.1
22.46,22.31,12.59,21.02,21.78,23.28,21.85,25.49,9.01,29.99,2.02,5.09,6.53,20.98,29.99,68.75,78.55
18.18,36.71,37.49,30.79,25.71,7.85,5.84,37.09,6.4,22.86,1.16,0.46,5.88,22.89,37.49,82.02,83.87
19.86,15.01,30.49,4.87,20.35,37.66,2.21,41.12,20.79,49.32,4.13,0.83,10.04,24.17,49.32,89.25,75.22
5.09,10.38,31.67,7.85,6.2,6.51,12.6,14.25,13.95,9.23,0.71,0.82,0.57,11.77,31.67,43.82,87.44
0.3,19.36,43.42,19.0,18.04,39.83,17.61,25.44,5.82,10.98,0.02,7.01,1.98,19.98,43.42,75.13,83.04
4.4,9.0,9.62,26.01,2.97,8.99,5.7,27.39,14.22,2.05,0.63,0.51,0.06,11.04,27.39,44.14,92.87
26.5,50.23,12.69,25.45,14.57,10.61,28.14,9.6,0.2,31.84,0.05,2.99,4.64,20.98,50.23,79.1,78.25
30.16,1.22,11.46,0.68,31.86,10.31,0.47,48.8,1.12,41.47,0.34,0.05,13.21,17.76,48.8,79.16,76.93
0.46,23.0,34.49,10.59,12.78,39.76,24.21,18.93,5.23,13.33,0.02,9.63,1.7,18.28,39.76,68.74,82.77
1.05,6.64,12.83,42.81,21.88,19.79,33.99,24.09,2.72,3.09,0.03,6.73,0.68,16.89,42.81,68.31,89.35
12.52,11.68,29.75,11.99,12.28,2.2,2.6,6.96,1.02,2.25,0.13,0.06,0.28,9.32,29.75,39.23,93.75
21.07,7.52,2.15,24.44,52.31,34.95,24.64,30.96,12.95,44.77,2.73,8.61,23.42,25.58,52.31,93.8,73.24
28.89,25.94,44.52,7.04,34.47,10.79,10.58,33.07,38.86,16.1,11.23,1.14,5.55,25.02,44.52,88.42,75.16
24.31,41.0,11.58,26.78,4.92,3.21,6.5,28.43,29.77,24.71,7.24,0.21,1.22,20.12,41.0,74.2,81.6
5.71,38.64,25.04,13.26,4.93,20.48,13.37,28.69,11.19,12.37,0.64,2.74,0.61,17.37,38.64,63.66,82.01
21.6,33.37,5.01,33.18,24.95,34.19,21.89,27.35,32.58,34.32,7.04,7.48,8.56,26.84,34.32,89.24,72.63
10.63,0.05,21.46,41.66,19.18,7.53,10.69,50.13,35.59,3.24,3.78,0.8,0.62,20.02,50.13,81.47,79.74
15.45,22.91,18.44,15.36,1.81,15.24,3.1,36.32,0.96,9.7,0.15,0.47,0.18,13.93,36.32,54.76,89.22
20.74,16.23,2.21,14.46,14.32,8.09,11.32,19.49,3.25,4.8,0.67,0.92,0.69,11.49,20.74,41.47,85.61
6.11,15.52,8.39,28.97,52.83,45.5,22.64,58.25,28.02,19.36,1.71,10.3,10.23,28.56,58.25,105.42,70.05
12.53,5.36,12.21,27.72,20.67,34.82,14.87,33.88,19.0,14.79,2.38,5.18,3.06,19.58,34.82,68.5,79.4
4.35,28.69,19.92,0.11,6.69,19.06,36.66,30.87,8.59,26.66,0.37,6.99,1.78,18.16,36.66,68.76,84.1
20.28,33.04,29.06,25.9,29.51,14.71,40.02,52.14,1.5,50.91,0.3,5.89,15.02,29.71,52.14,104.97,73.11
15.85,1.47,31.31,3.84,4.21,2.38,39.04,19.84,15.02,16.26,2.38,0.93,0.68,14.92,39.04,60.66,84.61
6.8,20.6,35.87,22.9,26.02,7.82,18.53,49.48,22.68,32.66,1.54,1.45,8.5,24.34,49.48,85.98,82.98
9.57,7.99,16.31,7.2,31.12,28.09,14.32,36.08,12.72,11.36,1.22,4.02,3.54,17.48,36.08,63.47,83.42
22.38,9.92,20.15,21.15,34.01,18.06,7.03,61.27,3.04,18.39,0.68,1.27,6.25,21.54,61.27,84.18,79.41
14.52,34.66,19.43,40.51,35.11,21.55,14.27,52.56,19.29,34.64,2.8,3.08,12.16,28.66,52.56,98.32,74.83
42.39,29.13,33.02,4.53,30.07,5.62,5.92,0.72,5.99,38.63,2.54,0.33,11.62,19.6,42.39,79.1,77.88
12.9,21.85,2.88,48.0,18.53,21.77,32.95,12.46,5.23,24.49,0.67,7.17,4.54,20.11,48.0,75.11,84.53
9.01,3.5,7.33,4.25,11.71,16.02,24.5,41.86,43.17,37.37,3.89,3.92,4.38,19.87,43.17,78.56,78.67
21.2,17.34,23.37,28.45,36.66,37.04,25.39,16.0,9.55,9.46,2.02,9.4,3.47,22.44,37.04,76.83,71.76
0.3,15.42,31.38,15.78,3.37,6.02,16.63,27.57,13.49,19.89,0.04,1.0,0.67,14.98,31.38,55.98,90.65
27.36,20.92,40.5,5.52,27.77,12.95,12.38,21.79,21.06,0.32,5.76,1.6,0.09,19.06,40.5,69.76,78.16
0.28,20.11,15.61,13.0,11.77,7.03,2.86,6.64,11.78,6.42,0.03,0.2,0.76,9.55,20.11,35.18,90.67
28.73,4.47,16.08,10.01,23.79,4.02,11.09,14.03,27.68,7.47,7.95,0.45,1.78,14.74,28.73,54.11,81.33
1.4,9.17,15.95,6.16,0.0,16.61,24.34,2.35,13.4,37.22,0.19,4.04,0.0,12.66,37.22,53.08,87.64
12.95,2.39,27.45,8.19,0.28,7.13,4.75,8.83,0.0,7.07,0.0,0.34,0.02,7.9,27.45,34.57,92.57
1.6,25.58,33.43,24.06,16.92,12.27,20.69,44.0,49.32,17.32,0.79,2.54,2.93,24.52,49.32,88.81,79.28
5.59,3.03,26.41,7.33,5.71,9.28,14.94,22.38,1.56,25.56,0.09,1.39,1.46,12.18,26.41,47.85,92.81
13.37,20.84,13.96,41.06,40.73,20.65,1.26,46.12,0.52,29.18,0.07,0.26,11.89,22.77,46.12,86.94,79.15
5.82,6.56,18.97,24.01,24.15,1.76,6.79,33.42,11.67,59.05,0.68,0.12,14.26,19.22,59.05,79.91,81.77
7.54,2.47,3.24,0.99,18.24,6.39,6.1,13.58,31.36,31.04,2.36,0.39,5.66,12.1,31.36,51.15,83.54
37.47,1.26,13.88,12.28,56.66,8.64,21.4,28.19,11.44,17.39,4.29,1.85,9.85,20.86,56.66,81.98,76.36
41.11,7.28,8.83,11.57,7.94,16.94,14.39,23.94,25.38,30.22,10.43,2.44,2.4,18.76,41.11,68.13,73.77
20.27,25.88,7.94,9.34,26.25,9.46,18.33,12.49,19.85,0.0,4.02,1.73,0.0,14.98,26.25,53.81,79.33
27.12,8.58,5.28,15.46,20.94,1.32,9.15,6.29,14.49,28.54,3.93,0.12,5.98,13.72,28.54,51.61,85.75
6.98,19.7,7.68,20.19,11.45,1.56,19.44,0.83,19.38,16.35,1.35,0.3,1.87,12.36,20.19,45.37,89.56
29.05,43.29,24.62,6.43,11.28,13.17,28.4,15.07,12.56,2.86,3.65,3.74,0.32,18.68,43.29,69.76,78.5
9.3,0.15,35.98,30.25,35.15,9.48,20.81,16.55,0.29,17.41,0.03,1.97,6.12,17.54,35.98,68.06,83.86
21.15,36.21,16.68,0.53,12.85,26.24,28.34,23.75,17.36,9.01,3.67,7.44,1.16,19.21,36.21,68.12,78.51
20.84,2.25,36.34,5.85,33.88,16.63,13.66,17.29,12.27,24.8,2.56,2.27,8.4,18.38,36.34,66.86,81.43
20.48,4.04,3.03,24.16,2.07,8.07,2.98,6.76,20.89,9.87,4.28,0.24,0.2,10.23,24.16,41.06,89.41
10.36,20.94,9.59,34.07,15.09,0.37,2.35,22.36,4.62,13.2,0.48,0.01,1.99,13.29,34.07,52.22,89.58
9.12,7.09,15.46,18.29,16.64,1.36,16.28,3.18,5.99,5.28,0.55,0.22,0.88,9.87,18.29,36.4,89.51
0.01,10.75,17.56,6.23,6.31,18.43,4.05,27.62,2.72,50.58,0.0,0.75,3.19,14.43,50.58,64.71,85.78
7.53,8.39,5.79,7.45,11.86,9.25,18.3,26.4,0.47,6.6,0.04,1.69,0.78,10.2,26.4,38.97,92.59
12.45,15.35,42.11,28.78,12.38,21.98,16.76,9.81,12.89,4.09,1.6,3.68,0.51,17.66,42.11,64.72,82.61
21.86,9.3,5.47,18.88,31.93,5.23,3.67,26.47,19.22,25.06,4.2,0.19,8.0,16.71,31.93,60.9,82.01
12.95,0.73,26.94,7.33,1.33,3.16,8.49,10.03,11.21,38.71,1.45,0.27,0.51,12.09,38.71,52.5,85.38
10.37,9.68,11.13,10.39,0.94,1.76,23.69,21.06,10.8,24.18,1.12,0.42,0.23,12.4,24.18,46.29,88.11
18.1,15.61,12.76,38.07,20.22,17.12,12.91,7.2,31.11,8.7,5.63,2.21,1.76,18.18,38.07,64.4,83.25
11.47,10.66,32.99,4.48,5.56,1.08,18.78,8.22,16.35,12.6,1.88,0.2,0.7,12.22,32.99,47.25,87.17
22.94,3.86,23.25,9.68,6.87,12.93,0.7,73.45,11.97,21.13,2.75,0.09,1.45,18.68,73.45,85.88,82.25
16.74,8.98,8.95,6.15,13.02,14.15,7.16,10.33,27.03,4.04,4.52,1.01,0.53,11.65,27.03,41.87,83.31
20.36,13.58,5.68,13.88,19.4,3.98,8.03,2.39,4.28,18.16,0.87,0.32,3.52,10.97,20.36,40.43,87.77
6.73,13.01,15.37,10.04,14.7,6.94,20.16,14.66,1.06,7.62,0.07,1.4,1.12,11.03,20.16,38.68,89.97
9.0,6.49,23.88,60.44,3.95,13.77,8.67,46.32,24.11,25.03,2.17,1.19,0.99,22.17,60.44,89.34,78.46
5.89,16.54,19.41,2.02,4.54,6.91,18.48,19.28,0.51,30.79,0.03,1.28,1.4,12.44,30.79,49.18,89.91
2.45,51.84,20.33,41.16,26.6,2.81,16.06,23.99,22.11,23.26,0.54,0.45,6.19,23.06,51.84,85.9,80.63
22.78,1.47,3.81,17.24,47.47,2.9,21.85,5.12,1.22,9.26,0.28,0.63,4.4,13.31,47.47,60.7,82.26
4.99,15.83,25.58,15.05,24.0,14.77,6.95,24.68,42.03,12.0,2.1,1.03,2.88,18.59,42.03,67.22,80.38
16.74,5.92,16.08,39.68,43.2,13.24,0.17,41.32,6.65,3.62,1.11,0.02,1.56,18.66,43.2,77.17,81.92
19.83,20.34,15.13,10.3,17.13,0.31,9.09,1.14,7.75,29.84,1.54,0.03,5.11,13.09,29.84,49.69,86.79
3.75,3.54,20.34,10.45,41.04,17.51,8.48,16.01,10.53,4.5,0.39,1.48,1.85,13.62,41.04,54.77,86.03
0.94,16.89,11.6,7.67,6.45,10.75,10.23,14.17,1.94,10.43,0.02,1.1,0.67,9.11,16.89,32.48,93.95
1.81,34.2,35.92,43.62,15.88,22.57,8.05,29.91,4.4,1.76,0.08,1.82,0.28,19.81,43.62,78.16,87.45
41.91,35.94,1.29,7.16,17.86,25.44,10.74,2.42,13.04,28.17,5.47,2.73,5.03,18.4,41.91,71.78,77.97
15.83,13.24,23.48,6.1,26.35,14.54,12.01,27.36,5.2,32.84,0.82,1.75,8.65,17.7,32.84,62.6,84.04
6.85,23.38,5.39,13.81,7.88,2.24,7.87,26.18,2.27,6.16,0.16,0.18,0.49,10.2,26.18,40.87,95.45
1.8,32.73,5.12,3.42,12.6,9.19,4.91,29.02,7.74,19.84,0.14,0.45,2.5,12.64,32.73,51.72,87.67
5.13,6.57,9.81,21.23,5.34,11.76,3.19,16.91,20.65,7.35,1.06,0.38,0.39,10.79,21.23,39.49,88.75
6.21,19.47,14.68,4.17,5.51,13.75,12.09,13.25,7.02,21.56,0.44,1.66,1.19,11.77,21.56,41.31,89.86
4.48,6.13,4.6,31.97,35.74,13.95,18.18,55.36,44.0,39.14,1.97,2.54,13.99,25.36,55.36,97.15,73.53
20.13,2.58,8.36,10.92,18.57,34.37,17.32,41.63,23.29,30.55,4.69,5.95,5.67,20.77,41.63,75.07,79.58
12.27,4.9,18.73,2.7,13.04,34.54,16.67,33.85,17.73,1.45,2.18,5.76,0.19,15.59,34.54,60.3,83.14
13.64,47.63,1.43,16.63,3.87,11.38,7.99,37.24,4.52,18.87,0.62,0.91,0.73,16.32,47.63,68.59,82.22
1.11,16.72,16.84,4.0,23.48,2.14,2.73,37.11,9.63,19.53,0.11,0.06,4.59,13.33,37.11,54.73,89.99
39.25,12.86,12.51,10.96,17.81,36.11,10.05,22.49,32.78,50.21,12.87,3.63,8.94,24.5,50.21,88.35,69.59
6.01,1.28,20.37,27.83,4.89,1.97,25.34,10.09,5.48,28.66,0.33,0.5,1.4,13.19,28.66,53.39,90.61
6.51,28.04,21.8,7.74,17.31,2.8,4.7,12.72,18.33,18.18,1.19,0.13,3.15,13.81,28.04,50.21,84.93
14.77,17.1,18.73,20.96,32.37,12.42,2.9,68.43,20.63,29.88,3.05,0.36,9.67,23.82,68.43,92.26,79.03
15.62,7.72,7.42,10.61,23.73,14.33,5.69,6.67,12.2,3.11,1.91,0.82,0.74,10.71,23.73,38.41,88.73
5.3,27.9,24.2,32.26,16.71,15.82,4.25,35.46,29.02,43.66,1.54,0.67,7.3,23.46,43.66,83.59,78.03
22.4,26.66,21.4,18.23,0.4,1.99,19.69,34.79,20.48,36.51,4.59,0.39,0.15,20.25,36.51,73.19,76.87
2.53,6.81,18.65,13.47,22.14,3.97,9.98,24.6,32.96,44.8,0.83,0.4,9.92,17.99,44.8,69.9,81.97
0.28,12.88,5.96,18.83,43.66,6.71,3.2,26.22,10.88,10.2,0.03,0.21,4.45,13.88,43.66,58.55,83.83
15.28,16.88,3.73,10.96,47.78,4.82,28.7,3.99,13.14,11.31,2.01,1.38,5.4,15.66,47.78,64.03,81.81
20.56,20.15,36.28,14.47,13.87,34.62,26.01,28.52,6.79,7.26,1.4,9.0,1.01,20.85,36.28,73.04,79.81
12.69,3.47,8.37,24.15,7.59,3.28,24.31,19.74,5.66,6.53,0.72,0.8,0.5,11.58,24.31,44.16,89.19
22.33,1.61,12.57,15.62,8.43,16.14,20.62,6.9,10.7,17.37,2.39,3.33,1.46,13.23,22.33,46.09,85.55
11.55,6.79,39.73,12.27,28.17,13.0,42.85,11.9,19.8,15.56,2.29,5.57,4.38,20.16,42.85,74.05,82.83
15.53,40.76,42.71,6.8,14.36,14.96,3.28,5.57,9.52,0.55,1.48,0.49,0.08,15.4,42.71,65.85,85.49
37.45,11.57,27.02,20.81,27.36,27.31,24.13,22.56,4.63,40.9,1.73,6.59,11.19,24.38,40.9,83.55,75.21
7.91,11.14,15.3,9.92,16.48,15.67,15.07,36.73,11.71,0.98,0.93,2.36,0.16,14.09,36.73,52.45,86.0
10.21,19.49,11.36,10.16,14.61,3.8,24.39,14.4,9.3,4.34,0.95,0.93,0.63,12.21,24.39,43.04,89.2
13.57,35.21,28.87,34.93,3.3,0.76,28.04,5.9,19.39,4.94,2.63,0.21,0.16,17.49,35.21,68.64,84.82
12.17,0.83,11.38,10.92,18.12,5.64,21.95,18.76,27.33,20.7,3.33,1.24,3.75,14.78,27.33,52.6,84.45
5.31,17.82,17.17,8.84,19.06,6.16,0.78,26.47,4.28,15.49,0.23,0.05,2.95,12.14,26.47,45.6,89.42
16.91,1.27,9.2,1.95,16.73,1.17,24.83,14.96,15.29,26.09,2.59,0.29,4.36,12.84,26.09,49.11,86.61
14.22,22.87,19.42,1.5,37.8,8.7,9.36,36.87,8.35,26.72,1.19,0.81,10.1,18.58,37.8,69.57,82.92
4.75,25.18,37.3,23.95,27.44,0.16,5.93,31.9,20.54,64.08,0.98,0.01,17.58,24.12,64.08,94.64,78.0
3.24,53.05,2.23,15.81,0.48,19.79,17.76,28.25,14.21,5.95,0.46,3.51,0.03,16.08,53.05,69.44,83.41
11.43,18.32,18.05,5.26,24.02,2.05,26.98,19.91,5.08,1.0,0.58,0.55,0.24,13.21,26.98,50.51,87.99
23.88,19.58,5.9,18.97,3.9,33.18,24.19,15.21,6.59,10.81,1.57,8.03,0.42,16.22,33.18,58.66,82.78
21.35,0.92,20.6,7.17,16.02,16.11,2.81,2.33,10.4,11.53,2.22,0.45,1.85,10.92,21.35,41.27,85.63
3.88,19.66,10.42,43.52,36.55,11.39,36.5,17.33,5.63,17.73,0.22,4.16,6.48,20.26,43.52,76.48,85.21
0.74,2.25,5.96,5.29,11.05,28.46,7.62,5.61,2.27,10.41,0.02,2.17,1.15,7.97,28.46,34.7,91.88
2.42,26.8,12.24,30.63,52.77,5.73,17.22,55.48,4.97,31.46,0.12,0.99,16.6,23.97,55.48,94.96,77.66
12.13,14.3,3.84,18.29,6.79,26.91,33.2,21.24,27.7,7.21,3.36,8.93,0.49,17.16,33.2,62.0,80.0
10.04,21.72,69.14,31.17,54.05,16.38,5.86,26.97,11.31,24.84,1.14,0.96,13.43,27.15,69.14,104.98,76.86
12.41,9.69,35.59,29.95,9.51,19.38,19.87,3.35,5.96,18.14,0.74,3.85,1.73,16.39,35.59,60.4,85.92
15.48,27.17,28.21,4.11,8.48,10.31,0.92,13.49,7.84,20.75,1.21,0.09,1.76,13.68,28.21,51.42,85.16
5.72,10.95,40.2,12.22,6.42,28.06,16.09,7.8,16.41,28.02,0.94,4.51,1.8,17.19,40.2,64.19,81.15
20.83,18.46,18.37,4.5,13.8,42.08,27.69,15.2,9.82,24.21,2.05,11.65,3.34,19.5,42.08,69.09,76.39
9.42,17.64,6.12,35.72,48.85,38.18,22.35,38.74,10.36,12.33,0.98,8.53,6.02,23.97,48.85,88.42,75.63
16.71,35.44,31.7,20.62,3.16,18.86,2.64,17.96,28.72,4.22,4.8,0.5,0.13,18.0,35.44,67.1,80.17
18.69,22.58,24.95,35.93,36.53,4.08,14.58,10.37,6.06,60.99,1.13,0.59,22.28,23.48,60.99,90.56,81.78
5.55,0.0,9.68,11.8,22.9,26.06,20.47,30.46,6.81,39.13,0.38,5.33,8.96,17.29,39.13,66.27,85.51
28.23,5.63,15.48,8.81,16.81,8.29,21.53,10.17,11.51,9.65,3.25,1.78,1.62,13.61,28.23,47.84,85.88
18.52,18.23,22.15,10.79,17.33,12.67,10.54,21.84,10.85,22.31,2.01,1.34,3.87,16.52,22.31,54.29,85.64
30.42,4.61,11.59,8.24,21.35,6.65,15.01,24.89,10.57,13.87,3.22,1.0,2.96,14.72,30.42,52.89,82.75
7.35,36.53,3.53,8.94,1.11,7.63,26.76,1.02,11.96,3.54,0.88,2.04,0.04,10.84,36.53,49.12,89.99
20.73,5.34,3.88,16.38,15.91,0.09,18.6,12.75,7.45,0.2,1.54,0.02,0.03,10.13,20.73,39.48,90.66
22.9,4.6,16.62,6.61,21.01,23.21,10.77,29.25,15.1,0.93,3.46,2.5,0.2,15.1,29.25,55.19,86.6
9.47,10.16,41.63,25.89,43.47,24.56,5.97,23.35,1.31,39.81,0.12,1.47,17.31,22.56,43.47,85.19,80.88
9.3,19.44,20.86,20.26,56.43,51.92,18.49,48.45,32.27,14.88,3.0,9.6,8.4,29.23,56.43,105.56,65.95
18.86,11.8,4.57,20.88,31.46,8.78,8.22,18.01,20.09,27.1,3.79,0.72,8.53,16.98,31.46,59.57,82.59
0.79,34.77,39.43,3.66,22.84,37.39,4.16,57.65,4.71,50.56,0.04,1.56,11.55,25.59,57.65,103.03,75.74
18.64,8.97,26.81,29.94,7.33,17.33,23.94,9.37,3.2,29.86,0.6,4.15,2.19,17.54,29.94,62.93,85.06
12.89,3.59,16.34,4.21,36.12,32.36,15.7,50.7,16.24,20.1,2.09,5.08,7.26,20.82,50.7,79.37,77.87
9.53,27.3,16.03,4.72,7.13,20.76,26.3,16.39,1.66,28.57,0.16,5.46,2.04,15.84,28.57,58.11,86.52
1.68,6.13,5.43,11.28,12.06,15.96,14.37,1.89,16.67,18.64,0.28,2.29,2.25,10.41,18.64,37.85,87.24
8.56,24.18,5.04,12.12,0.45,6.45,25.06,10.53,13.78,28.0,1.18,1.62,0.13,13.42,28.0,50.84,85.7
9.96,34.38,19.35,10.37,37.92,0.38,40.28,4.2,3.75,11.52,0.37,0.15,4.37,17.21,40.28,70.63,83.31
23.23,1.39,7.62,15.53,15.05,7.44,29.53,18.25,17.4,1.13,4.04,2.2,0.17,13.66,29.53,51.3,83.54
11.47,0.85,7.58,30.87,3.69,27.2,9.92,37.24,12.62,29.05,1.45,2.7,1.07,17.05,37.24,66.22,83.24
24.65,4.84,18.27,31.14,3.05,32.31,32.74,7.0,3.11,6.8,0.77,10.58,0.21,16.39,32.74,64.53,86.31
23.42,8.65,21.11,31.88,5.01,19.7,2.48,27.12,7.04,17.92,1.65,0.49,0.9,16.43,31.88,60.08,86.04
17.54,2.46,16.97,3.16,16.43,5.03,5.8,40.05,1.49,20.07,0.26,0.29,3.3,12.9,40.05,54.31,86.42
17.67,18.49,6.29,0.26,6.7,28.79,12.81,27.97,1.32,27.69,0.23,3.69,1.86,14.8,28.79,57.29,82.14
12.55,17.02,5.85,19.26,9.67,6.64,8.9,7.48,4.89,28.24,0.61,0.59,2.73,12.05,28.24,44.12,86.69
15.27,2.85,8.93,14.05,16.87,5.41,7.51,6.8,4.91,21.98,0.75,0.41,3.71,10.46,21.98,37.97,87.98
21.47,2.57,15.17,4.11,20.54,37.73,27.05,41.42,7.29,37.81,1.57,10.21,7.77,21.52,41.42,80.56,78.45
0.28,30.01,36.46,21.17,11.39,5.59,27.17,18.14,5.29,11.69,0.01,1.52,1.33,16.72,36.46,63.81,88.74
30.55,2.05,26.8,36.48,31.46,50.42,11.83,34.68,21.2,17.69,6.48,5.96,5.57,26.32,50.42,92.86,70.75
7.92,15.53,16.54,38.68,30.75,1.98,14.37,13.56,13.07,20.22,1.04,0.28,6.22,17.26,38.68,63.19,87.12
6.53,1.72,12.38,7.64,43.42,37.19,18.56,13.78,3.8,0.34,0.25,6.9,0.15,14.54,43.42,63.83,86.27
21.08,16.1,15.22,15.94,25.26,13.33,43.96,20.84,7.86,19.19,1.66,5.86,4.85,19.88,43.96,69.3,80.25
35.05,12.16,12.55,18.85,6.48,23.81,2.56,2.56,18.95,12.14,6.64,0.61,0.79,14.51,35.05,54.93,83.05
15.21,25.56,12.8,13.66,30.36,7.43,29.12,3.95,8.6,8.42,1.31,2.16,2.56,15.51,30.36,56.75,85.58
1.91,19.13,37.34,33.74,3.5,5.32,6.07,11.74,7.3,2.18,0.14,0.32,0.08,12.82,37.34,56.35,91.52
14.91,4.33,8.07,20.04,2.63,18.49,8.38,7.67,3.47,24.63,0.52,1.55,0.65,11.26,24.63,42.47,87.18
9.68,6.52,4.22,27.24,2.65,17.27,15.93,6.43,8.8,25.35,0.85,2.75,0.67,12.41,27.24,47.07,91.3
9.79,38.71,6.17,48.8,21.49,6.19,14.27,18.88,16.28,22.44,1.59,0.88,4.82,20.3,48.8,76.44,78.15
12.78,4.14,27.59,37.05,16.81,13.18,19.26,1.93,2.65,26.29,0.34,2.54,4.42,16.17,37.05,62.0,84.57
12.89,15.4,16.82,5.3,13.97,13.09,4.39,6.84,11.27,12.23,1.45,0.57,1.71,11.22,16.82,37.73,89.44
20.91,3.24,11.66,15.68,6.7,28.56,3.41,14.94,3.47,9.0,0.73,0.97,0.6,11.76,28.56,44.92,84.41
18.84,3.97,23.53,1.03,15.06,10.78,28.65,20.56,23.3,23.62,4.39,3.09,3.56,16.93,28.65,60.11,80.4
18.68,4.94,7.76,21.03,28.15,0.0,3.35,24.23,1.2,29.04,0.22,0.0,8.17,13.84,29.04,55.78,86.93
11.93,13.9,13.67,24.59,7.13,1.76,10.57,36.04,18.41,29.85,2.2,0.19,2.13,16.79,36.04,61.82,86.96
1.47,2.24,9.48,31.23,2.66,0.86,15.73,26.77,1.6,4.77,0.02,0.14,0.13,9.68,31.23,45.49,95.37
4.79,3.33,32.14,20.61,38.31,19.14,5.68,25.03,17.84,7.54,0.85,1.09,2.89,17.44,38.31,66.03,81.73
15.2,11.39,6.95,34.0,44.89,0.84,4.12,0.69,38.75,2.12,5.89,0.03,0.95,15.89,44.89,71.44,81.01
9.51,4.56,4.21,17.62,16.58,1.75,23.77,11.65,5.73,0.72,0.54,0.42,0.12,9.61,23.77,38.1,90.03
6.95,12.17,6.01,16.68,22.05,32.7,20.01,5.98,1.99,47.55,0.14,6.54,10.48,17.21,47.55,69.05,84.73
9.63,2.7,8.11,18.58,39.56,12.94,20.98,7.47,0.61,1.45,0.06,2.71,0.57,12.2,39.56,52.36,88.95
23.64,7.62,8.79,35.42,4.82,1.86,21.02,21.71,17.27,9.66,4.08,0.39,0.47,15.18,35.42,57.27,83.49
17.02,1.07,11.67,2.68,1.38,31.13,26.71,1.59,4.77,28.12,0.81,8.31,0.39,12.61,31.13,54.18,88.12
2.47,13.3,10.32,2.86,5.92,9.32,27.03,1.56,6.57,30.52,0.16,2.52,1.81,10.99,30.52,46.13,84.99
21.06,6.36,32.39,19.05,2.59,23.5,18.58,2.75,2.84,7.72,0.6,4.37,0.2,13.68,32.39,53.62,88.45
0.44,25.27,17.17,17.92,2.37,6.99,2.92,15.07,3.71,43.71,0.02,0.2,1.04,13.56,43.71,58.9,88.87
2.28,34.57,24.89,3.48,20.45,3.33,12.69,9.95,5.53,44.29,0.13,0.42,9.06,16.15,44.29,67.18,86.07
7.89,5.07,39.17,39.07,62.36,10.65,0.3,10.12,37.94,8.21,2.99,0.03,5.12,22.08,62.36,93.6,75.01
16.32,6.39,19.33,11.95,12.33,9.81,12.23,6.15,19.26,25.33,3.14,1.2,3.12,13.91,25.33,47.66,85.39
19.62,15.13,4.36,4.88,6.13,11.25,19.26,0.89,14.83,4.91,2.91,2.17,0.3,10.13,19.62,37.9,84.17
11.62,22.47,3.66,36.32,12.57,40.57,4.11,15.52,16.84,41.78,1.96,1.67,5.25,20.55,41.78,77.87,82.78
21.8,15.25,25.38,17.37,6.67,21.1,20.94,19.42,8.43,1.3,1.84,4.42,0.09,15.77,25.38,55.06,87.27
11.87,9.42,12.0,13.0,10.94,7.54,10.82,26.66,8.13,19.93,0.97,0.82,2.18,13.03,26.66,44.84,88.41
28.52,20.69,8.37,44.11,29.6,23.51,19.02,2.26,28.23,4.79,8.05,4.47,1.42,20.91,44.11,76.63,76.57
0.77,44.0,18.19,7.28,13.49,24.81,3.83,25.57,41.1,15.8,0.32,0.95,2.13,19.49,44.0,75.67,78.93
6.53,18.98,40.01,17.87,4.66,32.93,2.52,27.67,22.51,18.99,1.47,0.83,0.88,19.27,40.01,71.2,84.24
23.18,22.93,38.38,6.05,41.07,16.65,14.33,0.75,11.17,20.52,2.59,2.39,8.43,19.5,41.07,72.72,77.99
21.82,4.11,44.64,48.84,6.65,27.7,0.32,19.85,16.93,4.23,3.69,0.09,0.28,19.51,48.84,79.88,80.87
30.36,19.54,18.52,29.93,23.7,21.21,27.69,15.84,2.14,7.0,0.65,5.87,1.66,19.59,30.36,68.0,79.06
23.22,6.13,34.24,30.5,16.78,2.25,10.74,15.97,29.67,1.7,6.89,0.24,0.29,17.12,34.24,64.96,85.66
12.11,29.09,8.37,51.52,28.89,11.4,0.3,11.97,17.52,24.53,2.12,0.03,7.09,19.57,51.52,75.72,78.07
13.37,1.0,10.68,44.88,8.0,38.38,9.93,27.99,10.26,15.38,1.37,3.81,1.23,17.99,44.88,71.2,80.5
27.92,7.17,3.64,21.56,15.12,8.35,16.56,3.31,2.49,11.16,0.7,1.38,1.69,11.73,27.92,44.98,88.25
1.01,10.36,29.68,14.09,4.4,2.77,26.42,57.91,5.69,7.82,0.06,0.73,0.34,16.01,57.91,73.21,88.41
2.27,18.28,13.51,11.87,14.51,18.41,4.84,28.43,47.75,18.03,1.08,0.89,2.62,17.79,47.75,68.18,78.22
4.39,28.54,2.95,24.51,11.16,31.74,1.61,7.44,7.33,7.46,0.32,0.51,0.83,12.71,31.74,52.37,86.98
11.54,2.34,46.55,23.98,1.84,16.07,21.41,14.46,4.94,48.68,0.57,3.44,0.9,19.18,48.68,78.76,81.36
9.02,16.21,0.04,16.88,14.87,6.06,0.48,37.47,14.95,9.17,1.35,0.03,1.36,12.51,37.47,50.98,88.4
0.83,17.74,22.65,9.82,30.66,21.66,12.09,3.09,11.89,32.23,0.1,2.62,9.88,16.27,32.23,60.58,84.07
22.43,18.88,28.33,17.02,21.99,0.0,1.84,11.05,21.42,2.13,4.8,0.0,0.47,14.51,28.33,54.99,79.93
10.66,23.13,6.7,12.22,11.9,14.93,2.28,23.6,5.09,12.59,0.54,0.34,1.5,12.31,23.6,44.2,88.47
14.42,19.84,3.65,33.07,14.03,22.19,8.79,8.27,5.51,38.02,0.79,1.95,5.33,16.78,38.02,63.4,82.37
26.36,8.24,0.89,13.46,3.03,17.75,13.49,14.07,22.23,0.34,5.86,2.39,0.01,11.99,26.36,46.3,87.43
17.75,18.96,25.25,13.38,0.02,38.79,23.78,4.88,34.04,39.24,6.04,9.22,0.01,21.61,39.24,79.27,77.9
21.15,8.01,46.09,11.1,41.73,34.45,14.89,28.54,10.01,1.71,2.12,5.13,0.71,21.77,46.09,82.62,77.41
7.45,14.41,19.08,14.92,17.67,24.77,24.02,8.28,3.0,26.99,0.22,5.95,4.77,16.06,26.99,56.2,85.68
0.0,1.15,32.91,11.08,31.33,37.4,1.29,5.8,1.06,33.86,0.0,0.48,10.61,15.59,37.4,69.06,84.0
8.37,20.85,2.13,13.5,25.13,8.69,2.47,24.27,14.11,24.96,1.18,0.21,6.27,14.45,25.13,53.06,84.65
16.15,1.38,9.19,23.35,2.17,6.91,37.16,12.22,11.17,29.04,1.8,2.57,0.63,14.87,37.16,58.68,82.58
1.9,15.06,23.36,5.07,15.42,24.16,0.7,35.35,18.1,24.32,0.34,0.17,3.75,16.34,35.35,61.58,82.69
8.92,14.76,9.52,2.59,35.66,4.77,13.91,41.22,7.15,10.09,0.64,0.66,3.6,14.86,41.22,61.11,86.69
20.55,23.57,15.78,13.11,34.38,16.59,1.64,6.21,6.86,8.97,1.41,0.27,3.08,14.77,34.38,55.0,86.08
2.74,4.74,15.08,29.09,15.83,26.51,26.25,5.61,8.56,8.44,0.23,6.96,1.34,14.28,29.09,54.06,88.25
5.41,2.43,25.17,21.23,38.07,20.11,23.39,30.09,14.84,20.78,0.8,4.7,7.91,20.15,38.07,71.26,85.83
15.04,16.08,20.14,3.39,6.72,0.68,0.18,11.7,16.92,44.91,2.54,0.0,3.02,13.58,44.91,58.2,85.49
32.82,13.93,41.03,5.72,25.2,22.52,1.47,34.51,19.19,30.22,6.3,0.33,7.62,22.66,41.03,81.27,75.1
4.5,43.77,24.28,23.33,9.28,28.18,2.04,23.55,21.47,48.35,0.97,0.57,4.49,22.87,48.35,85.48,79.85
12.16,13.15,41.82,1.46,4.64,19.26,28.58,33.29,6.43,11.92,0.78,5.5,0.55,17.27,41.82,67.62,85.67
28.62,4.16,29.45,23.19,26.64,22.15,19.28,3.71,9.39,16.91,2.69,4.27,4.5,18.35,29.45,64.82,82.95
8.06,13.17,13.42,29.15,20.59,18.23,5.92,63.01,39.22,30.16,3.16,1.08,6.21,24.09,63.01,92.07,74.7
35.57,0.2,24.19,17.52,36.99,10.57,6.43,53.22,3.13,3.2,1.11,0.68,1.18,19.1,53.22,80.82,84.47
3.3,13.92,12.51,4.1,13.32,40.33,20.98,20.17,18.41,45.23,0.61,8.46,6.02,19.23,45.23,73.58,80.05
24.05,16.88,17.07,11.73,6.48,26.02,1.84,1.83,12.12,0.2,2.91,0.48,0.01,11.82,26.02,46.53,90.17
6.09,5.91,31.24,1.9,27.61,12.95,8.27,10.93,17.13,3.73,1.04,1.07,1.03,12.58,31.24,49.77,83.74
19.3,41.01,7.39,42.64,12.82,7.62,24.12,35.08,16.71,5.95,3.23,1.84,0.76,21.26,42.64,79.22,78.26
15.36,20.11,32.24,3.35,27.82,24.04,6.42,56.69,13.04,43.56,2.0,1.54,12.12,24.26,56.69,91.46,76.81
18.22,8.86,23.53,9.97,38.41,40.18,0.91,30.11,7.09,2.2,1.29,0.37,0.85,17.95,40.18,71.53,79.7
5.06,3.92,0.7,31.55,18.82,16.31,3.91,15.6,2.14,40.31,0.11,0.64,7.59,13.83,40.31,59.54,88.67
0.91,10.47,42.63,25.24,5.83,43.57,9.17,69.56,10.99,33.16,0.1,4.0,1.93,25.15,69.56,103.15,75.55
7.26,35.76,35.6,12.85,16.45,7.35,15.01,17.96,0.68,19.49,0.05,1.1,3.21,16.84,35.76,63.38,86.14
14.09,24.93,24.85,6.4,25.57,26.54,21.72,1.6,1.38,10.98,0.19,5.76,2.81,15.81,26.54,58.6,86.73
12.3,13.97,10.5,13.7,14.12,19.54,11.13,7.72,7.56,16.83,0.93,2.17,2.38,12.74,19.54,41.82,84.23
11.55,3.52,43.22,16.11,29.6,2.54,2.66,12.13,14.21,15.7,1.64,0.07,4.65,15.12,43.22,61.31,88.37
22.86,0.53,9.68,22.23,29.56,35.45,41.32,61.27,21.67,45.36,4.95,14.65,13.41,29.0,61.27,105.98,69.7
23.58,21.13,10.19,18.31,21.0,29.59,9.64,47.0,14.99,59.07,3.53,2.85,12.4,25.45,59.07,93.67,75.58
32.32,32.0,2.56,3.32,9.0,1.3,10.93,18.67,13.78,21.42,4.45,0.14,1.93,14.53,32.32,57.32,82.74
12.48,7.43,17.5,18.55,26.81,21.47,19.95,31.62,2.78,22.96,0.35,4.28,6.16,18.15,31.62,63.03,80.49
36.94,1.38,11.86,14.12,3.89,14.73,42.24,20.91,1.85,9.1,0.68,6.22,0.35,15.7,42.24,65.16,86.57
19.81,39.82,24.91,12.03,22.86,18.07,19.98,3.26,2.5,4.13,0.5,3.61,0.94,16.74,39.82,63.45,78.03
21.02,17.12,11.65,9.82,2.18,21.69,8.07,34.8,13.18,37.3,2.77,1.75,0.81,17.68,37.3,65.45,84.27
3.25,2.71,23.77,29.29,15.71,15.02,3.16,0.09,0.53,29.27,0.02,0.47,4.6,12.28,29.29,52.73,88.13
13.8,17.68,5.17,0.41,3.25,9.83,5.07,26.38,2.35,16.51,0.32,0.5,0.54,10.04,26.38,40.46,87.05
1.23,5.42,0.27,17.76,10.77,34.35,22.45,13.2,13.72,7.14,0.17,7.71,0.77,12.63,34.35,50.59,86.11
7.62,25.56,33.35,22.33,34.45,13.07,18.81,13.65,0.72,29.63,0.05,2.46,10.21,19.92,34.45,71.4,83.97
12.15,25.46,28.75,40.95,0.07,7.71,0.6,26.01,51.04,28.77,6.2,0.05,0.02,22.15,51.04,86.42,78.25
10.46,6.91,5.36,5.5,21.09,15.17,8.52,22.53,20.84,23.72,2.18,1.29,5.0,14.01,23.72,49.68,81.83
13.94,15.67,0.7,15.97,5.86,3.58,18.4,22.87,21.14,18.05,2.95,0.66,1.06,13.62,22.87,48.76,85.34
24.21,11.21,30.88,16.95,0.91,5.36,2.14,29.75,8.65,17.97,2.09,0.11,0.16,14.8,30.88,57.18,88.84
4.76,20.72,0.33,9.8,30.98,2.71,8.16,12.43,4.75,30.78,0.23,0.22,9.54,12.54,30.98,52.02,88.4
17.2,23.42,44.22,4.57,14.78,2.51,42.4,6.6,11.14,0.75,1.92,1.06,0.11,16.76,44.22,70.79,86.02
2.69,6.45,8.9,2.01,27.61,3.03,19.01,15.06,6.84,20.06,0.18,0.58,5.54,11.17,27.61,44.06,86.96
7.21,4.28,0.5,8.37,45.65,24.6,0.0,15.9,9.68,2.44,0.7,0.0,1.11,11.86,45.65,56.41,85.55
3.64,10.75,7.34,8.49,18.0,11.21,4.97,9.16,6.54,9.21,0.24,0.56,1.66,8.93,18.0,30.67,92.53
15.88,5.61,1.33,13.53,1.89,19.19,9.32,15.76,14.38,6.35,2.28,1.79,0.12,10.32,19.19,37.71,86.28
13.89,0.28,8.42,19.88,4.1,10.16,28.08,11.67,5.27,5.34,0.73,2.85,0.22,10.71,28.08,41.95,89.2
1.36,16.99,22.83,29.63,24.03,8.61,22.21,25.76,1.2,23.37,0.02,1.91,5.62,17.6,29.63,63.6,88.33
15.83,7.06,37.5,0.76,13.17,34.86,26.49,22.23,36.55,54.37,5.79,9.23,7.16,24.88,54.37,92.65,70.31
3.89,16.77,11.52,4.64,20.02,32.77,29.93,18.22,14.28,22.6,0.56,9.81,4.52,17.46,32.77,62.19,81.25
22.23,31.65,46.79,12.2,4.53,9.49,16.18,43.55,3.68,41.57,0.82,1.54,1.88,23.19,46.79,88.57,77.42
7.34,2.99,16.91,18.03,28.64,19.35,35.56,11.73,0.48,15.49,0.04,6.88,4.44,15.65,35.56,59.25,85.59
8.78,0.23,8.67,26.65,15.74,3.96,6.02,1.68,7.91,21.47,0.69,0.24,3.38,10.11,26.65,41.09,88.15
3.42,0.14,22.76,10.83,17.94,10.01,39.25,22.18,1.99,0.84,0.07,3.93,0.15,12.94,39.25,55.74,87.64
15.94,13.6,7.5,13.83,42.61,26.78,0.12,0.09,5.59,13.65,0.89,0.03,5.82,13.97,42.61,58.62,81.78
31.79,35.97,8.01,10.14,9.93,0.07,13.08,14.3,36.9,16.71,11.73,0.01,1.66,17.69,36.9,67.72,75.75
14.65,24.44,0.14,10.4,11.49,36.89,16.46,49.22,1.39,25.32,0.2,6.07,2.91,19.04,49.22,75.82,79.75
14.58,5.59,6.19,23.3,6.82,10.21,9.71,9.55,8.37,6.53,1.22,0.99,0.45,10.09,23.3,35.69,87.66
1.39,22.96,23.6,14.33,0.74,8.78,12.38,16.81,11.46,10.73,0.16,1.09,0.08,12.32,23.6,45.29,89.77
38.59,2.48,40.83,15.94,23.93,23.66,4.29,23.24,7.94,57.86,3.06,1.02,13.85,23.88,57.86,92.3,75.15
25.58,41.72,46.22,15.14,13.11,4.08,27.61,8.47,11.44,20.21,2.93,1.13,2.65,21.36,46.22,79.51,79.99
2.59,2.34,19.89,44.1,16.38,6.45,0.37,16.95,2.8,27.25,0.07,0.02,4.46,13.91,44.1,60.84,85.59
15.58,15.18,5.83,2.46,0.65,15.61,1.52,11.56,32.98,17.4,5.14,0.24,0.11,11.88,32.98,47.78,83.76
3.16,12.88,25.55,10.38,17.19,20.82,0.99,42.84,15.6,52.28,0.49,0.21,8.99,20.17,52.28,80.49,85.04
20.59,35.46,10.09,14.77,17.97,40.78,14.0,25.54,5.45,11.79,1.12,5.71,2.12,19.64,40.78,70.74,77.92
0.89,3.49,33.68,0.1,44.1,30.84,6.58,3.79,0.61,14.11,0.01,2.03,6.22,13.82,44.1,65.58,85.91
5.85,5.6,21.98,24.87,1.31,12.85,0.84,55.66,5.57,26.54,0.33,0.11,0.35,16.11,55.66,71.89,84.96
2.56,21.84,6.95,12.09,30.31,16.1,2.68,48.37,15.87,17.76,0.41,0.43,5.38,17.45,48.37,69.07,83.05
12.21,13.05,11.65,8.34,5.93,11.5,4.77,47.41,2.55,14.33,0.31,0.55,0.85,13.17,47.41,56.34,89.81
23.26,1.64,3.07,3.42,18.51,2.92,8.13,35.8,15.48,18.66,3.6,0.24,3.45,13.09,35.8,53.4,82.69
10.97,26.56,15.67,1.29,5.95,6.63,11.3,31.04,15.84,51.35,1.74,0.75,3.06,17.66,51.35,71.63,80.1
17.83,29.75,23.44,8.77,23.87,35.09,1.96,13.46,13.45,0.46,2.4,0.69,0.11,16.81,35.09,63.22,78.98
5.79,29.87,53.43,5.56,19.31,26.43,13.23,33.27,1.42,17.03,0.08,3.5,3.29,20.53,53.43,80.35,80.71
3.92,20.25,22.03,1.02,4.34,18.54,15.12,17.03,2.6,6.51,0.1,2.8,0.28,11.14,22.03,42.92,87.26
32.51,26.95,36.54,21.19,39.33,5.65,36.17,24.55,16.15,36.95,5.25,2.04,14.53,27.6,39.33,93.18,71.42
11.17,29.21,18.36,15.94,27.33,10.29,34.3,39.23,38.1,10.64,4.26,3.53,2.91,23.45,39.23,81.86,78.35
1.08,1.73,6.11,46.15,8.03,19.45,4.38,17.16,25.96,8.13,0.28,0.85,0.65,13.82,46.15,60.57,87.7
11.82,17.54,4.23,21.13,29.06,9.26,3.62,41.25,18.53,0.26,2.19,0.34,0.08,15.67,41.25,62.46,86.42
23.88,11.94,19.71,0.25,3.37,43.66,11.23,13.8,36.5,7.34,8.72,4.9,0.25,17.17,43.66,68.71,77.96
4.58,33.05,30.64,19.69,36.65,28.06,16.39,34.32,7.31,23.92,0.33,4.6,8.77,23.46,36.65,81.5,83.4
3.83,12.55,45.66,11.89,9.25,1.37,15.11,10.42,7.7,28.13,0.29,0.21,2.6,14.59,45.66,60.61,86.15
15.89,25.2,1.06,0.65,8.71,2.28,27.52,0.47,5.8,6.16,0.92,0.63,0.54,9.37,27.52,42.42,88.64
15.17,14.26,20.42,12.2,33.76,2.69,5.26,48.6,19.52,30.74,2.96,0.14,10.38,20.26,48.6,76.57,77.99
17.5,13.92,13.81,25.12,27.69,18.57,12.89,19.12,10.81,41.63,1.89,2.39,11.53,20.11,41.63,69.39,78.07
0.84,0.12,14.04,16.91,19.1,30.48,14.72,8.94,8.64,29.58,0.07,4.49,5.65,14.34,30.48,54.99,81.7
0.78,1.85,22.32,2.63,50.91,5.54,7.09,33.29,3.04,36.93,0.02,0.39,18.8,16.44,50.91,75.25,83.6
3.79,1.49,1.35,6.46,4.72,28.81,3.86,0.26,17.89,20.58,0.68,1.11,0.97,8.92,28.81,40.88,87.03
6.81,35.43,2.83,47.39,19.88,13.03,16.88,24.38,9.17,12.97,0.62,2.2,2.58,18.88,47.39,72.47,81.83
18.51,38.18,10.76,51.43,2.47,7.69,22.1,2.79,39.95,5.29,7.39,1.7,0.13,19.92,51.43,82.14,75.42
23.03,38.39,4.47,39.15,11.09,6.72,17.39,15.85,16.43,27.78,3.78,1.17,3.08,20.03,39.15,72.94,80.75
19.0,16.61,9.43,26.88,26.16,8.37,14.94,2.75,9.7,2.67,1.84,1.25,0.7,13.65,26.88,50.35,86.76
7.18,25.01,10.8,6.48,14.12,1.91,15.98,19.96,14.51,1.54,1.04,0.31,0.22,11.75,25.01,43.66,87.04
12.18,16.13,10.95,0.57,13.65,10.85,42.46,26.53,26.07,12.15,3.18,4.61,1.66,17.15,42.46,64.55,81.1
24.0,8.32,10.22,11.9,28.7,22.15,2.48,20.14,23.1,0.87,5.54,0.55,0.25,15.19,28.7,56.14,80.94
24.86,9.78,29.29,9.41,16.77,9.73,30.56,2.7,15.15,16.9,3.77,2.97,2.83,16.51,30.56,59.09,87.39
13.8,0.35,16.18,11.15,14.94,11.53,8.93,20.69,35.27,27.67,4.87,1.03,4.13,16.05,35.27,58.74,85.86
11.45,2.46,21.88,23.49,29.53,11.22,0.17,38.82,10.88,2.41,1.25,0.02,0.71,15.23,38.82,61.62,82.1
10.1,38.48,23.56,9.11,25.08,37.54,18.54,35.92,1.61,16.81,0.16,6.96,4.22,21.67,38.48,78.6,79.39
23.96,9.38,32.56,40.44,32.21,14.11,20.32,66.35,11.74,5.93,2.81,2.87,1.91,25.7,66.35,97.89,78.04
10.09,14.16,7.92,35.76,6.57,1.03,22.06,10.88,4.64,9.41,0.47,0.23,0.62,12.25,35.76,49.02,90.1
19.53,4.51,4.79,6.3,14.0,9.92,23.18,7.28,0.78,14.32,0.15,2.3,2.0,10.46,23.18,39.43,87.38
22.38,6.21,12.77,10.25,17.44,3.43,24.08,3.02,15.79,3.94,3.53,0.83,0.69,11.93,24.08,44.47,89.42
7.5,7.16,6.59,2.53,20.24,16.29,32.19,15.47,22.63,11.63,1.7,5.24,2.35,14.22,32.19,52.49,83.81
26.22,10.21,22.64,11.61,8.01,19.3,1.92,25.91,28.27,13.09,7.41,0.37,1.05,16.72,28.27,59.34,80.45
25.49,22.28,42.28,8.42,46.27,51.25,9.71,12.57,5.28,31.33,1.35,4.98,14.5,25.49,51.25,95.05,72.02
10.85,0.21,14.61,0.67,7.89,30.6,2.76,34.73,3.8,12.37,0.41,0.84,0.98,11.85,34.73,52.07,88.22
16.19,14.76,13.78,12.82,9.4,11.21,1.26,51.91,8.14,55.38,1.32,0.14,5.21,19.48,55.38,82.93,78.36
3.52,3.69,10.04,48.16,34.92,3.61,16.96,25.99,5.7,8.13,0.2,0.61,2.84,16.07,48.16,68.85,85.78
10.16,1.99,26.89,10.39,3.38,24.03,4.2,4.38,26.71,11.04,2.71,1.01,0.37,12.32,26.89,48.99,84.24
0.38,43.99,17.22,16.59,5.48,0.0,11.41,34.69,7.58,20.52,0.03,0.0,1.12,15.79,43.99,65.95,88.09
5.22,38.76,21.6,19.62,25.71,15.61,28.01,15.17,2.32,11.39,0.12,4.37,2.93,18.34,38.76,66.6,83.08
42.42,5.15,27.94,22.13,14.19,15.11,24.89,12.67,21.61,23.17,9.17,3.76,3.29,20.93,42.42,72.86,79.73
2.69,13.34,53.89,35.03,42.39,1.77,0.68,20.32,13.38,37.14,0.36,0.01,15.74,22.06,53.89,89.93,80.73
1.92,24.95,40.19,30.27,0.58,27.81,10.85,17.36,6.24,20.9,0.12,3.02,0.12,18.11,40.19,69.47,88.54
4.01,10.95,40.85,2.39,3.98,35.01,1.69,8.47,8.13,3.31,0.33,0.59,0.13,11.88,40.85,56.6,87.79
17.71,20.55,17.09,3.23,2.16,0.53,0.36,18.35,7.2,7.66,1.28,0.0,0.17,9.48,20.55,38.61,88.92
6.04,23.17,42.19,1.93,15.62,0.64,15.98,17.02,20.23,1.48,1.22,0.1,0.23,14.43,42.19,59.65,82.48
17.88,15.36,1.43,0.68,2.59,7.45,7.67,6.32,6.6,9.92,1.18,0.57,0.26,7.59,17.88,29.35,88.5
6.92,5.16,19.46,32.64,6.56,6.45,18.12,44.37,15.24,22.91,1.05,1.17,1.5,17.78,44.37,68.24,87.03
1.54,19.15,23.49,16.07,2.88,5.11,2.75,8.47,11.57,22.91,0.18,0.14,0.66,11.39,23.49,44.17,90.4
13.1,34.58,7.74,0.86,8.74,49.35,25.5,3.61,0.29,29.74,0.04,12.58,2.6,17.35,49.35,74.08,78.93
4.75,34.53,24.76,22.44,34.12,38.58,39.48,34.0,18.9,22.22,0.9,15.23,7.58,27.38,39.48,92.46,76.26
21.09,23.85,12.49,28.73,26.98,7.9,21.35,4.54,9.37,9.71,1.98,1.69,2.62,16.6,28.73,58.68,81.01
2.18,23.62,21.49,7.49,18.66,30.31,13.38,4.74,4.93,20.46,0.11,4.06,3.82,14.73,30.31,54.7,85.25
1.4,20.7,19.52,7.05,13.91,12.7,0.74,24.54,22.94,0.51,0.32,0.09,0.07,12.4,24.54,48.43,92.19
11.25,0.77,6.8,28.63,70.37,9.21,5.67,19.59,8.45,0.43,0.95,0.52,0.3,16.12,70.37,80.73,80.32
15.35,24.77,14.34,0.94,42.22,6.99,22.61,72.35,38.29,37.79,5.88,1.58,15.95,27.56,72.35,107.36,68.6
5.5,7.01,31.03,13.41,18.07,6.44,31.2,0.0,20.59,7.02,1.13,2.01,1.27,14.03,31.2,55.11,85.05
27.07,24.7,38.41,10.25,23.97,12.86,3.37,13.5,12.64,15.63,3.42,0.43,3.75,18.24,38.41,65.27,78.98
14.86,14.21,14.71,2.11,12.11,16.87,25.46,28.25,14.45,2.59,2.15,4.3,0.31,14.56,28.25,52.32,87.85
11.53,13.4,44.54,7.32,19.27,3.49,28.01,16.42,9.89,17.72,1.14,0.98,3.41,17.16,44.54,64.81,84.94
4.29,4.01,10.59,0.27,29.58,13.1,23.43,1.11,5.81,12.18,0.25,3.07,3.6,10.44,29.58,43.88,88.18
11.4,25.23,15.84,6.85,1.06,9.59,0.0,7.91,29.23,2.48,3.33,0.0,0.03,10.96,29.23,45.61,87.49
1.52,6.48,16.94,39.63,39.6,10.81,3.56,33.26,28.03,16.04,0.43,0.38,6.35,19.59,39.63,75.82,82.9
11.34,1.06,11.49,14.79,2.25,1.95,0.05,3.72,19.0,19.29,2.15,0.0,0.43,8.49,19.29,35.16,89.02
9.94,24.82,5.12,28.44,47.15,22.61,20.73,12.02,17.43,19.95,1.73,4.69,9.41,20.82,47.15,74.56,77.63
3.47,22.04,1.45,15.31,8.93,19.89,3.43,10.07,5.13,14.93,0.18,0.68,1.33,10.47,22.04,39.65,87.71
0.76,39.34,10.65,0.08,4.4,10.28,1.14,14.33,20.61,10.41,0.16,0.12,0.46,11.2,39.34,50.26,84.91
5.92,9.78,54.97,24.29,34.21,20.02,18.46,30.21,29.12,60.54,1.72,3.7,20.71,28.75,60.54,105.26,70.02
8.87,24.29,11.51,12.41,24.93,19.23,6.11,6.48,6.27,17.23,0.56,1.17,4.3,13.73,24.93,48.6,85.28
8.4,46.05,16.95,8.03,5.59,8.69,30.72,14.98,30.84,11.1,2.59,2.67,0.62,18.14,46.05,69.94,81.15
7.29,15.06,5.2,13.6,21.36,11.21,12.56,1.13,16.44,10.51,1.2,1.41,2.24,11.44,21.36,40.17,84.88
3.72,18.18,31.08,12.75,14.97,22.84,11.24,42.82,17.03,44.43,0.63,2.57,6.65,21.9,44.43,80.26,81.54
16.39,4.0,4.68,7.72,15.9,3.07,6.72,5.47,6.76,5.29,1.11,0.21,0.84,7.6,16.39,27.87,88.99
26.19,0.25,51.73,7.4,15.64,18.46,4.88,21.2,18.15,7.08,4.75,0.9,1.11,17.1,51.73,69.68,79.28
1.36,4.17,24.87,48.26,39.33,30.47,1.03,56.99,8.85,26.46,0.12,0.31,10.41,24.18,56.99,97.31,78.28
33.31,25.32,17.34,13.03,23.36,1.99,5.64,36.53,7.82,41.28,2.6,0.11,9.64,20.56,41.28,76.82,79.31
9.31,24.67,6.64,15.01,7.63,30.56,4.76,16.65,7.61,51.7,0.71,1.45,3.94,17.45,51.7,70.63,79.23
0.28,6.2,3.93,24.37,54.79,51.09,1.07,37.58,1.94,27.27,0.01,0.55,14.94,20.85,54.79,91.76,79.62
13.87,19.17,23.85,25.62,18.33,21.74,16.03,42.54,0.18,55.61,0.02,3.48,10.19,23.7,55.61,88.05,78.16
13.67,3.44,30.81,19.1,15.2,28.12,5.76,5.69,8.61,8.77,1.18,1.62,1.33,13.92,30.81,52.45,86.68
5.06,12.8,29.37,26.97,12.01,15.77,6.69,17.52,21.21,0.62,1.07,1.06,0.07,14.8,29.37,54.54,86.9
5.51,15.66,11.09,14.28,8.6,4.28,13.16,33.5,6.65,22.16,0.37,0.56,1.91,13.49,33.5,50.25,88.11
1.03,8.06,2.35,18.15,42.75,39.95,12.17,30.74,3.02,39.84,0.03,4.86,17.03,19.81,42.75,80.71,81.26
3.88,4.37,4.22,3.31,16.23,9.99,4.37,7.4,4.23,22.87,0.16,0.44,3.71,8.09,22.87,32.26,91.21
22.25,10.6,15.06,6.58,15.8,8.59,1.08,19.64,3.87,28.57,0.86,0.09,4.51,13.2,28.57,49.18,89.97
7.92,28.85,10.13,10.03,39.82,6.19,43.35,9.34,9.2,14.05,0.73,2.68,5.59,17.89,43.35,70.5,82.7
15.73,26.51,9.12,22.83,19.75,52.42,16.28,49.01,38.9,49.79,6.12,8.53,9.83,30.03,52.42,106.54,68.68
4.75,40.42,24.82,12.2,3.48,12.64,26.85,6.76,20.68,5.81,0.98,3.39,0.2,15.84,40.42,61.82,85.26
40.29,18.83,35.91,4.69,32.22,2.97,3.16,11.18,18.57,8.42,7.48,0.09,2.71,17.62,40.29,69.91,78.17
33.03,22.32,7.72,26.76,28.74,4.95,22.39,20.7,6.71,12.71,2.22,1.11,3.65,18.6,33.03,65.96,79.76
13.48,36.15,28.67,22.47,24.27,33.98,2.24,11.04,16.44,16.01,2.22,0.76,3.89,20.47,36.15,72.19,76.09
12.33,10.09,14.33,13.52,50.01,31.51,0.48,36.67,2.76,1.9,0.34,0.15,0.95,17.36,50.01,74.11,87.43
1.15,10.13,25.44,8.47,24.03,9.06,13.93,6.73,19.74,15.73,0.23,1.26,3.78,13.44,25.44,48.57,83.24
7.35,15.68,10.51,13.6,19.05,21.09,5.85,33.61,2.61,20.74,0.19,1.23,3.95,15.01,33.61,54.81,86.48
1.95,37.32,4.02,12.4,35.61,20.27,32.49,10.9,37.31,19.32,0.73,6.59,6.88,21.16,37.32,78.64,79.94
13.75,13.34,23.87,10.76,15.5,7.55,5.05,15.61,25.26,20.97,3.47,0.38,3.25,15.17,25.26,51.93,79.3
27.43,13.7,19.29,4.06,23.07,12.68,2.62,11.53,14.75,7.04,4.05,0.33,1.62,13.62,27.43,49.28,82.18
13.1,4.93,1.16,28.19,17.57,8.76,28.24,5.25,25.92,11.65,3.4,2.47,2.05,14.48,28.24,54.86,85.63
28.4,5.59,18.25,9.07,23.07,8.41,0.47,23.01,8.13,28.7,2.31,0.04,6.62,15.31,28.7,57.23,82.67
26.99,25.09,28.26,2.68,17.89,1.6,11.32,43.42,0.03,26.0,0.01,0.18,4.65,18.33,43.42,71.94,83.87
45.36,13.48,30.78,2.12,20.68,12.69,1.89,5.5,25.63,35.68,11.63,0.24,7.38,19.38,45.36,75.79,72.52
5.9,10.32,8.99,5.75,19.39,15.91,3.46,35.68,12.54,7.42,0.74,0.55,1.44,12.54,35.68,48.8,87.09
23.5,2.21,3.74,6.59,6.41,4.45,5.6,30.34,22.18,9.29,5.21,0.25,0.6,11.43,30.34,46.96,85.41
11.54,8.94,21.07,21.88,22.86,21.44,14.49,25.7,17.33,40.17,2.0,3.11,9.18,20.54,40.17,70.02,82.15
27.75,10.36,23.5,9.9,13.63,9.21,34.18,12.08,6.77,4.5,1.88,3.15,0.61,15.19,34.18,56.38,80.99
1.54,16.74,34.99,14.1,3.42,11.95,15.61,36.65,26.22,29.03,0.4,1.87,0.99,19.02,36.65,70.55,81.92
21.54,15.79,9.67,3.86,3.45,16.56,33.23,26.32,3.44,14.93,0.74,5.5,0.52,14.88,33.23,56.03,83.69
6.13,10.18,4.68,34.18,12.2,13.49,0.28,39.77,6.91,7.85,0.42,0.04,0.96,13.57,39.77,57.91,88.97
12.24,7.73,3.95,57.94,21.12,12.85,32.22,40.79,13.42,39.35,1.64,4.14,8.31,24.16,57.94,92.87,78.78
11.72,7.52,34.38,8.24,31.6,23.27,7.42,15.31,22.08,33.72,2.59,1.73,10.66,19.53,34.38,69.98,81.23
16.93,0.23,39.16,4.69,6.35,8.06,6.86,19.13,13.31,8.96,2.25,0.55,0.57,12.37,39.16,51.17,87.5
7.51,3.2,21.85,8.1,23.24,44.79,9.37,33.12,16.98,26.03,1.28,4.2,6.05,19.42,44.79,72.84,79.12
19.12,0.97,25.48,33.69,36.0,29.61,33.82,56.03,27.22,53.36,5.2,10.01,19.21,31.53,56.03,110.43,69.52
10.23,27.2,3.18,13.13,9.86,21.29,15.7,41.57,8.63,7.22,0.88,3.34,0.71,15.8,41.57,60.65,87.21
13.05,6.29,50.98,25.33,28.79,33.62,4.37,37.4,7.11,8.22,0.93,1.47,2.37,21.51,50.98,83.34,86.34
22.11,15.39,44.97,3.01,14.03,5.05,19.39,31.04,25.45,48.3,5.63,0.98,6.78,22.87,48.3,85.44,78.56
10.44,6.53,9.61,12.15,3.13,15.34,3.24,3.35,10.48,33.64,1.09,0.5,1.05,10.79,33.64,43.59,84.31
28.25,9.16,9.16,14.05,4.17,8.33,20.64,8.33,27.77,40.38,7.85,1.72,1.68,17.02,40.38,64.4,78.49
2.55,3.06,2.85,9.64,2.25,12.63,13.0,14.59,52.36,23.12,1.34,1.64,0.52,13.61,52.36,62.77,79.49
21.95,8.97,3.71,30.88,0.15,10.6,15.51,1.9,5.92,15.44,1.3,1.64,0.02,11.5,30.88,46.47,87.67
35.35,0.0,34.58,4.36,12.63,6.23,13.76,26.64,21.04,30.05,7.44,0.86,3.8,18.46,35.35,70.05,82.21
4.34,19.2,27.99,14.94,14.97,7.09,23.35,8.21,15.08,40.79,0.65,1.66,6.11,17.6,40.79,64.6,83.78
10.53,1.19,3.65,46.86,20.12,2.18,3.79,40.48,3.63,3.2,0.38,0.08,0.64,13.56,46.86,66.39,87.64
11.63,38.36,13.88,70.52,15.02,1.17,13.44,39.0,1.34,14.27,0.16,0.16,2.14,21.86,70.52,94.38,88.11
5.19,1.35,35.61,23.46,33.22,9.86,8.14,3.56,7.13,19.62,0.37,0.8,6.52,14.71,35.61,59.69,87.39
25.4,0.22,12.44,16.63,35.85,2.26,19.34,22.91,6.74,6.95,1.71,0.44,2.49,14.87,35.85,57.96,83.83
10.57,6.36,30.31,20.06,24.99,30.15,28.55,13.19,0.31,14.75,0.03,8.61,3.69,17.92,30.31,64.91,84.34
1.12,19.54,18.6,23.87,36.93,10.66,52.86,6.04,25.95,20.13,0.29,5.63,7.43,21.57,52.86,81.76,77.89
12.33,7.95,51.85,22.26,25.1,14.54,33.54,38.08,0.57,19.48,0.07,4.88,4.89,22.57,51.85,84.83,83.8
6.42,15.82,9.21,7.02,19.17,11.59,13.56,26.42,29.1,8.48,1.87,1.57,1.63,14.68,29.1,52.23,85.86
5.04,11.08,0.19,6.24,38.67,1.05,38.01,7.48,14.31,14.22,0.72,0.4,5.5,13.63,38.67,59.93,84.51
0.0,4.21,0.3,24.85,17.1,9.61,21.04,3.96,13.1,7.21,0.0,2.02,1.23,10.14,24.85,41.25,93.35
10.17,11.39,21.43,10.07,13.11,5.36,27.93,24.47,20.43,12.22,2.08,1.5,1.6,15.66,27.93,54.22,86.46
8.46,25.88,16.31,39.23,35.12,46.91,2.33,53.67,21.66,28.39,1.83,1.09,9.97,27.8,53.67,100.7,73.06
15.24,7.61,33.19,5.23,16.2,1.19,22.83,9.96,7.39,16.07,1.13,0.27,2.6,13.49,33.19,51.15,87.61
11.66,17.7,3.72,30.13,27.08,19.14,30.62,9.18,19.19,9.9,2.24,5.86,2.68,17.83,30.62,62.92,83.58
0.0,24.07,1.7,2.33,14.03,4.01,7.87,34.0,0.43,17.83,0.0,0.32,2.5,10.63,34.0,48.34,90.46
18.17,21.87,18.1,23.01,17.06,9.51,8.98,21.7,30.67,19.06,5.57,0.85,3.25,18.81,30.67,62.47,84.05
14.52,13.57,7.72,33.26,42.07,5.33,10.0,24.3,19.79,11.25,2.87,0.53,4.73,18.18,42.07,67.58,82.16
4.58,42.17,40.42,24.32,7.3,10.85,16.76,27.03,12.2,33.2,0.56,1.82,2.42,21.88,42.17,80.36,82.04
1.85,6.65,17.59,7.68,25.31,22.58,6.48,5.4,0.0,28.43,0.0,1.46,7.2,12.2,28.43,49.46,85.37
31.99,3.34,39.22,18.11,12.95,21.1,13.44,51.01,21.95,19.12,7.02,2.84,2.48,23.22,51.01,84.52,76.33
12.07,7.7,6.93,2.11,9.66,14.65,21.57,59.48,12.03,34.58,1.45,3.16,3.34,18.08,59.48,76.87,83.48
24.8,1.03,35.54,18.81,25.41,12.0,3.37,38.85,26.77,5.47,6.64,0.4,1.39,19.21,38.85,72.73,79.84
17.16,14.91,14.69,9.67,0.61,8.74,21.13,6.9,5.8,24.95,1.0,1.85,0.15,12.46,24.95,45.31,91.14
2.39,17.76,20.82,2.53,5.7,24.02,16.86,19.52,17.24,13.61,0.41,4.05,0.78,14.05,24.02,50.18,86.98
27.93,5.62,3.05,15.77,18.08,14.02,6.98,25.96,10.61,11.36,2.96,0.98,2.05,13.94,27.93,50.57,83.48
0.0,4.07,28.29,53.09,24.51,7.96,4.83,33.82,12.42,40.34,0.0,0.38,9.89,20.93,53.09,85.13,81.64
29.24,13.38,12.74,20.6,27.88,4.48,5.98,21.93,5.58,9.56,1.63,0.27,2.67,15.14,29.24,55.29,84.67
27.63,15.07,18.57,9.69,3.4,7.31,0.1,17.69,7.16,22.41,1.98,0.01,0.76,12.9,27.63,48.59,85.4
21.92,7.56,12.95,32.36,15.62,40.46,12.59,37.48,9.24,0.12,2.03,5.09,0.02,19.03,40.46,72.68,81.09
24.93,14.91,4.32,15.12,19.4,20.66,1.32,16.48,17.35,12.76,4.33,0.27,2.48,14.73,24.93,51.3,84.81
42.04,1.5,8.75,16.94,22.08,22.89,26.88,52.18,23.52,21.4,9.89,6.15,4.73,23.82,52.18,87.18,71.93
10.96,21.49,4.41,20.49,54.78,2.18,1.57,51.22,23.28,8.98,2.55,0.03,4.92,19.94,54.78,85.3,77.47
10.17,13.2,34.24,22.72,20.06,15.26,5.07,8.77,25.93,51.46,2.64,0.77,10.32,20.69,51.46,77.62,79.41
28.49,16.41,7.33,41.91,1.57,10.89,0.79,42.26,8.5,10.92,2.42,0.09,0.17,16.91,42.26,70.64,86.31
1.7,13.69,11.23,1.67,16.5,11.84,7.79,10.26,6.39,19.83,0.11,0.92,3.27,10.09,19.83,36.49,90.75
17.97,32.83,5.64,11.92,16.95,9.25,1.75,5.62,19.43,8.4,3.49,0.16,1.42,12.98,32.83,49.3,83.37
22.07,5.54,23.12,18.18,7.5,32.25,3.24,4.5,15.2,6.09,3.35,1.04,0.46,13.77,32.25,52.71,85.31
10.49,10.66,35.54,10.32,20.01,11.88,1.15,0.37,26.01,1.38,2.73,0.14,0.28,12.78,35.54,53.06,82.63
44.9,25.79,17.7,6.78,24.79,9.62,2.95,11.86,6.96,10.84,3.13,0.28,2.69,16.22,44.9,63.73,81.88
3.76,1.04,27.61,28.6,21.36,8.98,2.79,33.13,8.09,13.01,0.3,0.25,2.78,14.84,33.13,58.93,88.98
21.07,18.28,19.42,26.89,32.63,1.37,1.15,72.52,4.2,33.02,0.88,0.02,10.77,23.05,72.52,96.51,79.58
11.18,19.69,34.24,9.71,19.5,8.27,23.11,15.12,8.17,1.06,0.91,1.91,0.21,15.0,34.24,55.3,86.17
3.99,2.91,17.34,21.61,33.99,7.44,24.3,46.08,4.95,31.48,0.2,1.81,10.7,19.41,46.08,75.71,80.06
5.83,12.43,5.75,24.44,19.28,10.05,31.93,10.45,5.22,4.49,0.3,3.21,0.87,12.99,31.93,49.68,85.87
20.3,35.26,36.05,1.53,29.4,15.92,23.6,18.46,26.78,13.77,5.44,3.76,4.05,22.11,36.05,76.68,76.04
22.11,22.62,29.6,7.8,15.05,7.17,8.24,23.58,13.72,33.26,3.03,0.59,5.01,18.32,33.26,64.3,76.84
23.54,14.91,2.05,8.58,6.71,11.17,9.18,10.63,15.36,25.78,3.62,1.03,1.73,12.79,25.78,46.06,84.64
33.06,1.03,14.9,9.23,31.92,12.87,16.11,7.97,8.7,7.13,2.88,2.07,2.28,14.29,33.06,55.09,84.55
10.71,10.92,4.01,1.62,36.52,11.11,24.08,5.5,3.66,52.05,0.39,2.68,19.01,16.02,52.05,71.01,81.3
6.09,1.24,6.39,7.2,30.31,11.41,7.71,1.66,17.28,1.92,1.05,0.88,0.58,9.12,30.31,39.3,89.48
19.7,13.08,15.68,4.75,13.27,2.08,3.2,28.98,1.03,27.26,0.2,0.07,3.62,12.9,28.98,51.01,89.25
21.49,3.71,24.43,10.76,25.77,32.46,26.77,17.35,11.16,21.52,2.4,8.69,5.55,19.54,32.46,67.17,81.44
28.45,29.55,3.42,13.39,20.48,33.21,10.93,12.61,21.15,2.12,6.02,3.63,0.43,17.53,33.21,64.23,78.02
21.7,35.41,27.17,26.99,6.1,34.89,1.49,12.97,15.54,16.2,3.37,0.52,0.99,19.85,35.41,71.56,77.97
20.22,32.33,40.82,5.74,18.64,15.41,21.6,33.75,24.34,49.23,4.92,3.33,9.18,26.21,49.23,91.44,74.29
7.21,0.0,48.38,25.95,52.34,5.18,8.13,33.9,15.61,22.17,1.13,0.42,11.6,21.89,52.34,88.22,84.47
19.64,8.42,10.81,22.15,14.22,21.09,12.15,26.46,11.31,11.73,2.22,2.56,1.67,15.8,26.46,53.15,85.51
25.06,14.52,26.97,9.44,0.37,8.65,36.62,34.02,20.19,18.37,5.06,3.17,0.07,19.42,36.62,70.52,80.62
10.43,0.14,8.79,10.51,10.91,22.78,25.7,3.1,25.89,9.18,2.7,5.85,1.0,12.74,25.89,48.57,88.72
18.96,12.86,14.34,25.49,24.74,13.45,8.51,7.85,25.84,1.64,4.9,1.14,0.41,15.37,25.84,54.57,82.2
2.97,8.51,19.84,7.68,26.51,21.93,7.0,2.35,30.89,13.49,0.92,1.54,3.58,14.12,30.89,53.93,80.96
25.36,11.87,2.48,65.51,25.28,16.81,6.88,24.75,9.49,53.48,2.41,1.16,13.52,24.19,65.51,98.04,76.75
22.31,48.41,18.13,7.32,26.03,38.02,14.27,20.64,4.67,3.47,1.04,5.43,0.9,20.33,48.41,77.52,78.31
31.87,25.5,17.75,8.28,19.99,18.78,20.02,5.97,17.38,24.28,5.54,3.76,4.85,18.98,31.87,64.26,76.28
15.83,15.16,7.78,14.01,8.81,16.92,2.24,30.0,5.85,22.42,0.93,0.38,1.98,13.9,30.0,50.43,91.1
8.95,28.15,9.37,15.32,5.06,13.44,3.62,55.7,7.41,34.38,0.66,0.49,1.74,18.14,55.7,75.85,84.84
6.4,10.53,9.67,1.99,13.19,3.75,1.9,10.29,4.22,1.32,0.27,0.07,0.17,6.32,13.19,23.79,97.61
17.08,13.68,33.2,9.0,35.0,18.36,12.54,53.08,0.32,52.82,0.05,2.3,18.49,24.51,53.08,94.81,82.46
4.24,2.84,3.11,4.19,14.46,15.83,23.39,36.24,19.15,33.04,0.81,3.7,4.78,15.65,36.24,61.9,85.02
14.76,22.12,44.85,6.26,18.48,5.1,3.99,35.74,25.7,18.86,3.79,0.2,3.49,19.59,44.85,73.72,81.16
33.14,16.22,14.45,4.55,17.84,2.2,4.58,2.16,25.9,19.42,8.58,0.1,3.46,14.05,33.14,54.66,79.41
11.67,18.34,5.62,29.84,12.99,24.63,22.66,0.41,8.83,17.84,1.03,5.58,2.32,15.28,29.84,55.5,84.03
3.94,0.77,23.7,25.59,11.23,37.61,23.94,25.39,0.37,4.51,0.01,9.0,0.51,15.71,37.61,63.33,89.87
1.07,0.07,22.28,29.17,12.59,4.17,3.41,15.58,12.91,23.19,0.14,0.14,2.92,12.44,29.17,49.82,89.36
21.31,38.13,7.85,3.8,10.14,17.18,21.26,32.7,17.51,31.34,3.73,3.65,3.18,20.12,38.13,72.06,77.28
21.83,16.52,0.69,37.44,12.62,23.61,20.42,42.03,4.73,22.59,1.03,4.82,2.85,20.25,42.03,74.73,82.14
0.29,24.14,19.84,3.2,3.59,22.69,26.36,36.08,5.55,14.13,0.02,5.98,0.51,15.59,36.08,61.17,83.15
24.41,7.83,3.47,15.89,3.37,23.05,9.43,39.5,7.17,3.55,1.75,2.17,0.12,13.77,39.5,56.37,85.18
11.74,1.94,51.47,10.85,15.28,20.59,22.55,3.89,6.23,14.92,0.73,4.64,2.28,15.95,51.47,65.96,84.45
17.56,6.53,4.87,0.18,34.0,3.99,20.27,14.14,1.36,22.08,0.24,0.81,7.51,12.5,34.0,51.45,87.0
32.67,43.26,9.21,26.16,38.03,0.48,23.1,20.08,1.58,34.84,0.52,0.11,13.25,22.94,43.26,85.48,78.45
15.27,21.01,4.06,2.97,5.65,36.66,1.39,0.31,3.75,18.08,0.57,0.51,1.02,10.92,36.66,49.18,84.12
11.19,50.86,3.46,9.2,19.24,33.62,9.53,1.67,29.91,18.64,3.35,3.2,3.59,18.73,50.86,75.13,75.66
11.11,31.03,42.8,12.5,13.25,31.18,37.48,57.15,15.67,32.98,1.74,11.69,4.37,28.52,57.15,101.13,75.57
14.62,20.96,11.01,1.73,22.36,27.05,19.18,21.86,4.84,8.19,0.71,5.19,1.83,15.18,27.05,54.28,86.37
29.61,0.07,6.51,17.26,29.37,5.94,19.31,24.62,6.95,36.02,2.06,1.15,10.58,17.57,36.02,66.63,84.17
15.01,10.66,4.74,10.75,3.92,3.06,31.37,40.45,1.62,20.41,0.24,0.96,0.8,14.2,40.45,59.5,87.37
11.93,3.98,42.22,13.98,4.36,4.26,13.18,17.83,8.01,14.32,0.96,0.56,0.62,13.41,42.22,54.17,86.91
13.79,36.79,45.55,29.72,19.05,25.72,21.72,36.15,13.92,27.62,1.92,5.59,5.26,27.0,45.55,90.9,74.03
19.12,7.5,40.98,30.21,48.47,12.91,24.71,33.15,5.16,32.0,0.99,3.19,15.51,25.42,48.47,91.05,79.74
11.05,13.39,20.95,11.09,15.57,2.13,5.15,0.32,11.59,31.25,1.28,0.11,4.87,12.25,31.25,47.41,86.66
3.76,11.07,16.63,1.99,20.66,44.4,6.04,18.55,17.18,29.82,0.65,2.68,6.16,17.01,44.4,66.18,82.98
6.58,4.11,25.07,0.22,2.57,7.76,21.34,29.45,30.67,35.4,2.02,1.66,0.91,16.32,35.4,65.36,84.44
0.0,1.1,22.32,20.05,0.96,31.94,10.57,0.42,17.38,5.91,0.0,3.38,0.06,11.06,31.94,48.69,90.46
11.35,4.17,3.98,30.43,0.62,18.49,6.19,11.89,0.47,25.55,0.05,1.14,0.16,11.31,30.43,47.57,89.7
1.82,9.72,45.94,1.2,26.2,22.31,3.65,17.0,32.06,17.11,0.58,0.81,4.48,17.7,45.94,70.83,82.09
8.33,9.32,1.81,3.26,27.52,34.16,25.89,5.02,6.08,14.19,0.51,8.84,3.91,13.56,34.16,55.03,84.54
1.41,29.37,23.55,32.48,40.45,4.38,7.59,21.8,17.56,17.11,0.25,0.33,6.92,19.57,40.45,72.55,84.55
15.87,1.11,19.54,2.72,17.52,11.98,5.12,10.87,19.83,5.32,3.15,0.61,0.93,10.99,19.83,40.73,85.38
11.1,12.04,2.29,6.63,9.19,13.48,2.22,6.24,8.51,7.21,0.94,0.3,0.66,7.89,13.48,27.42,90.19
3.13,6.74,1.72,35.49,20.95,13.63,8.5,13.51,8.39,28.87,0.26,1.16,6.05,14.09,35.49,55.69,86.07
4.88,33.62,2.43,24.32,7.22,0.89,1.28,3.11,21.38,7.12,1.04,0.01,0.51,10.63,33.62,48.21,88.24
3.38,9.44,39.38,2.64,0.67,2.62,2.01,7.33,8.55,40.63,0.29,0.05,0.27,11.66,40.63,58.71,87.33
13.69,8.58,4.54,14.77,4.11,9.6,32.37,13.43,34.45,12.72,4.72,3.11,0.52,14.83,34.45,56.44,79.98
25.49,6.42,23.62,16.3,26.85,40.74,5.5,36.63,9.05,13.85,2.31,2.24,3.72,20.45,40.74,74.44,76.85
13.18,10.59,19.78,12.27,31.94,26.12,11.47,25.77,36.42,8.87,4.8,3.0,2.83,19.64,36.42,68.78,74.24
26.64,11.12,13.54,11.94,25.87,22.95,8.95,38.24,42.32,54.06,11.27,2.05,13.99,25.56,54.06,92.79,68.22
29.42,42.32,23.85,6.81,14.42,26.01,21.07,32.18,15.59,23.05,4.59,5.48,3.32,23.47,42.32,80.06,75.11
4.58,46.42,13.93,0.58,0.4,33.55,11.24,21.18,11.4,4.92,0.52,3.77,0.02,14.82,46.42,65.0,83.52
0.53,14.88,7.99,2.06,20.36,43.16,14.09,69.59,29.54,47.21,0.16,6.08,9.61,24.94,69.59,103.5,73.95
15.15,30.09,8.77,0.5,34.37,12.24,11.53,49.81,10.94,19.09,1.66,1.41,6.56,19.25,49.81,75.11,79.89
12.93,9.07,32.15,17.7,23.6,3.04,15.28,14.32,1.48,20.93,0.19,0.46,4.94,15.05,32.15,55.15,82.82
31.73,22.69,23.1,14.21,14.29,29.78,3.49,16.78,24.39,12.12,7.74,1.04,1.73,19.26,31.73,66.21,78.27
2.7,0.39,31.59,16.72,1.62,2.31,39.0,29.33,3.82,11.28,0.1,0.9,0.18,13.88,39.0,61.77,91.03
3.3,12.1,9.03,12.87,48.57,22.59,9.43,51.99,20.66,40.8,0.68,2.13,19.82,23.13,51.99,90.31,73.94
0.7,15.57,22.03,30.3,16.77,8.26,3.14,13.83,1.45,6.43,0.01,0.26,1.08,11.85,30.3,47.33,88.92
0.43,8.72,13.05,20.83,6.0,6.45,22.19,72.12,14.98,40.55,0.06,1.43,2.43,20.53,72.12,91.21,83.78
9.83,15.74,18.16,25.21,8.31,4.57,12.36,28.22,1.77,8.22,0.17,0.56,0.68,13.24,28.22,49.19,91.39
20.55,33.8,0.84,34.22,8.26,6.36,26.87,2.82,4.57,18.88,0.94,1.71,1.56,15.72,34.22,62.87,84.11
14.43,13.38,17.12,19.33,33.06,5.68,5.59,28.89,18.32,14.01,2.64,0.32,4.63,16.98,33.06,59.81,81.86
10.53,9.76,5.58,0.44,27.78,43.03,17.78,17.97,16.94,27.23,1.78,7.65,7.56,17.7,43.03,67.29,78.87
3.57,2.66,27.35,3.83,8.52,33.64,10.07,26.85,18.12,17.65,0.65,3.39,1.5,15.23,33.64,58.72,84.73
25.39,3.86,52.37,41.43,48.86,28.92,18.06,74.26,20.82,29.55,5.29,5.22,14.44,34.35,74.26,124.46,73.11
0.32,13.78,18.23,27.82,49.31,13.57,9.73,63.27,19.95,4.24,0.06,1.32,2.09,22.02,63.27,91.79,73.65
14.19,44.29,2.01,1.55,42.48,17.33,28.23,7.02,19.05,15.95,2.7,4.89,6.78,19.21,44.29,75.75,76.82
4.17,3.52,2.76,29.12,31.51,11.29,32.42,11.63,10.6,8.6,0.44,3.66,2.71,14.56,32.42,58.12,88.45
30.57,13.04,22.0,32.12,25.96,1.27,27.1,12.97,20.38,38.75,6.23,0.34,10.06,22.42,38.75,78.2,76.44
0.0,12.61,17.54,13.4,2.32,27.29,14.38,38.46,1.55,25.71,0.0,3.92,0.6,15.33,38.46,61.21,86.78
31.43,21.57,24.55,44.16,32.94,14.42,12.38,60.94,24.31,6.78,7.64,1.79,2.23,27.35,60.94,99.01,72.82
18.56,11.96,16.79,25.16,8.3,1.02,3.39,31.74,16.93,28.66,3.14,0.03,2.38,16.25,31.74,60.0,87.98
11.13,29.61,4.74,19.98,29.0,1.33,18.6,0.12,25.15,1.19,2.8,0.25,0.35,14.09,29.61,56.96,86.24
12.95,23.54,7.38,4.33,0.75,12.14,14.21,0.0,29.84,7.37,3.86,1.73,0.06,11.25,29.84,45.71,88.04
16.98,5.25,4.61,5.62,29.53,30.17,10.1,41.87,9.24,17.65,1.57,3.05,5.21,17.1,41.87,66.36,79.88
6.8,26.43,30.23,11.62,6.5,11.04,9.6,9.9,6.52,3.55,0.44,1.06,0.23,12.22,30.23,46.94,83.4
12.36,41.65,13.46,29.95,8.82,12.5,21.3,28.76,6.54,16.83,0.81,2.66,1.48,19.22,41.65,69.33,86.61
23.57,39.04,6.2,7.08,7.71,36.26,0.44,37.92,6.96,16.3,1.64,0.16,1.26,18.15,39.04,72.77,80.57
17.23,29.05,3.67,13.81,20.44,33.79,15.6,38.21,9.94,46.11,1.71,5.27,9.42,22.78,46.11,82.66,78.42
1.27,8.63,47.96,36.73,27.48,14.76,12.65,6.94,7.88,12.97,0.1,1.87,3.56,17.73,47.96,71.67,85.97
4.9,22.19,24.51,24.99,15.22,16.12,20.38,24.65,1.53,0.91,0.07,3.29,0.14,15.54,24.99,57.09,90.65
18.0,17.1,5.03,46.67,10.86,13.35,29.99,9.69,24.85,3.04,4.47,4.0,0.33,17.86,46.67,68.82,78.43
34.09,12.26,10.14,11.57,13.17,20.31,21.88,27.36,27.79,17.29,9.47,4.44,2.28,19.59,34.09,66.58,79.3
7.72,11.15,6.03,39.76,24.05,0.95,54.22,0.1,5.07,20.52,0.39,0.52,4.94,16.96,54.22,75.94,85.44
20.06,14.01,5.73,24.59,9.67,27.99,7.0,40.71,1.68,5.7,0.34,1.96,0.55,15.71,40.71,62.09,84.22
6.61,4.44,7.26,3.93,22.33,8.35,8.42,31.72,5.78,28.55,0.38,0.7,6.38,12.74,31.72,51.24,90.65
4.41,16.75,20.0,0.37,22.24,7.25,12.4,35.9,11.19,2.77,0.49,0.9,0.62,13.33,35.9,53.13,88.42
3.94,22.76,0.85,16.48,10.4,8.53,33.41,1.75,20.33,4.82,0.8,2.85,0.5,12.33,33.41,50.43,83.48
22.95,5.83,15.43,4.4,6.88,7.68,1.55,47.02,39.83,27.76,9.14,0.12,1.91,17.93,47.02,74.13,80.63
3.82,13.88,1.91,38.07,23.01,3.38,23.09,19.16,8.57,30.43,0.33,0.78,7.0,16.53,38.07,64.04,84.49
21.55,31.71,10.51,22.47,1.36,2.43,8.33,16.36,7.26,28.47,1.56,0.2,0.39,15.05,31.71,57.39,81.61
16.24,7.3,16.36,15.08,2.28,10.13,9.71,19.51,2.08,2.97,0.34,0.98,0.07,10.17,19.51,37.52,92.67
14.64,9.92,9.54,16.09,11.02,15.78,6.92,4.12,2.09,25.01,0.31,1.09,2.76,11.51,25.01,41.57,86.88
7.2,6.5,29.32,2.96,23.89,2.64,9.71,37.44,1.24,12.45,0.09,0.26,2.97,13.33,37.44,56.5,90.32
12.07,11.23,48.36,7.7,7.81,24.1,28.14,3.29,20.74,34.1,2.5,6.78,2.66,19.75,48.36,75.54,79.19
3.83,8.67,9.76,40.68,9.69,12.86,9.1,10.54,31.63,33.28,1.21,1.17,3.22,17.01,40.68,66.34,82.29
2.6,5.54,19.22,12.9,16.05,6.54,15.72,8.23,8.99,18.76,0.23,1.03,3.01,11.46,19.22,40.27,86.75
12.44,6.95,6.1,18.16,4.84,15.31,20.13,5.34,15.7,29.31,1.95,3.08,1.42,13.43,29.31,48.66,85.26
14.54,10.62,10.47,16.95,16.24,5.07,5.29,5.62,0.65,13.5,0.09,0.27,2.19,9.89,16.95,35.39,88.42
6.36,19.44,22.54,28.04,12.82,4.86,31.87,18.51,2.81,28.63,0.18,1.55,3.67,17.59,31.87,63.93,87.46
4.15,3.89,8.36,28.59,6.63,10.31,4.81,9.11,2.76,20.16,0.11,0.5,1.34,9.88,28.59,39.88,96.04
17.59,6.31,18.65,18.76,17.98,44.02,17.24,28.34,7.31,19.21,1.29,7.59,3.45,19.54,44.02,69.51,81.99
1.19,1.48,17.5,21.08,8.91,20.31,5.59,29.19,37.25,17.01,0.44,1.14,1.52,15.95,37.25,61.69,81.71
22.39,37.21,23.76,1.92,23.48,0.41,21.61,25.95,10.02,17.32,2.24,0.09,4.07,18.41,37.21,67.43,78.09
0.06,0.51,5.45,11.96,10.03,22.6,1.92,3.17,40.11,38.21,0.02,0.43,3.83,13.4,40.11,62.19,80.39
29.32,2.86,6.49,9.67,16.9,11.66,12.8,17.79,4.6,11.44,1.35,1.49,1.93,12.35,29.32,45.36,83.52
0.54,22.55,10.36,34.15,25.62,0.66,9.74,40.34,19.44,48.82,0.1,0.06,12.51,21.22,48.82,83.2,81.51
7.63,36.58,2.74,16.52,9.26,26.85,2.77,2.59,19.74,8.52,1.51,0.74,0.79,13.32,36.58,54.41,83.84
20.73,14.51,44.56,25.93,14.22,11.48,14.07,19.19,15.26,6.38,3.16,1.62,0.91,18.63,44.56,66.88,85.25
3.85,16.2,15.11,23.93,32.98,4.16,28.68,8.7,5.14,26.66,0.2,1.19,8.79,16.54,32.98,61.8,86.46
0.62,18.44,43.76,0.03,25.55,26.13,7.68,18.27,12.86,0.96,0.08,2.01,0.25,15.43,43.76,64.42,87.0
11.07,10.8,33.33,7.64,10.87,12.5,33.59,53.53,13.52,38.55,1.5,4.2,4.19,22.54,53.53,85.71,80.34
10.67,5.3,15.29,1.77,23.29,1.76,9.99,34.52,4.7,10.68,0.5,0.18,2.49,11.8,34.52,48.5,89.12
43.46,11.52,20.09,2.11,8.6,10.2,22.53,25.12,9.07,0.2,3.94,2.3,0.02,15.29,43.46,61.87,80.14
22.04,36.25,9.14,4.88,1.76,5.43,6.57,32.12,16.62,2.08,3.66,0.36,0.04,13.69,36.25,57.4,86.82
18.38,16.48,6.76,49.51,28.54,28.28,20.9,2.1,3.74,14.87,0.69,5.91,4.24,18.96,49.51,73.47,82.67
0.41,14.29,31.35,3.93,50.68,13.52,13.12,2.38,8.74,30.55,0.04,1.77,15.48,16.9,50.68,71.7,80.96
5.27,33.87,8.02,20.08,12.03,3.11,28.49,8.59,14.39,0.34,0.76,0.89,0.04,13.42,33.87,53.75,84.69
19.22,1.85,40.12,10.94,32.19,3.43,26.72,31.55,41.55,22.32,7.99,0.92,7.18,22.99,41.55,84.17,75.4
0.31,16.74,12.82,41.81,16.28,31.17,45.6,10.04,13.55,31.69,0.04,14.21,5.16,22.0,45.6,82.45,80.82
23.72,2.72,8.01,15.6,19.03,2.94,2.38,3.65,28.38,28.51,6.73,0.07,5.43,13.49,28.51,53.72,80.98
5.39,9.98,40.38,35.44,27.19,28.65,2.41,78.02,30.06,11.08,1.62,0.69,3.01,26.86,78.02,108.14,77.18
4.33,3.89,26.33,9.58,44.96,26.32,47.28,38.01,25.43,29.09,1.1,12.44,13.08,25.52,47.28,93.31,75.94
26.23,6.06,7.53,3.49,20.53,21.0,31.78,19.1,9.9,33.79,2.6,6.67,6.94,17.94,33.79,65.35,78.74
10.08,10.55,5.34,5.35,13.63,24.64,27.38,20.24,9.14,22.48,0.92,6.75,3.06,14.88,27.38,53.02,82.84
24.73,17.23,28.38,16.37,27.67,37.1,17.54,26.28,34.11,17.29,8.44,6.51,4.78,24.67,37.1,81.15,71.73
11.35,3.22,9.39,8.37,23.87,27.09,2.93,47.98,1.61,15.82,0.18,0.79,3.78,15.16,47.98,64.53,86.53
19.96,5.33,21.78,23.74,12.1,12.03,16.78,1.6,6.43,9.24,1.28,2.02,1.12,12.9,23.74,46.55,86.16
7.17,5.36,26.72,8.29,34.29,0.23,16.57,14.69,15.5,23.5,1.11,0.04,8.06,15.23,34.29,57.64,86.13
28.49,10.92,20.52,52.5,19.05,20.36,7.55,24.28,2.64,38.41,0.75,1.54,7.32,22.47,52.5,83.75,80.64
22.5,15.24,26.98,20.82,7.45,4.68,20.1,21.32,2.78,17.77,0.63,0.94,1.32,15.96,26.98,56.21,88.18
14.11,21.81,25.85,3.7,31.64,16.76,6.86,10.04,11.0,15.39,1.55,1.15,4.87,15.71,31.64,56.07,81.55
6.72,5.03,10.81,13.5,13.69,10.17,15.57,10.02,37.79,9.95,2.54,1.58,1.36,13.32,37.79,50.3,81.96
24.99,0.11,29.84,2.17,28.69,18.66,9.13,5.79,6.02,11.82,1.5,1.7,3.39,13.72,29.84,54.62,83.55
15.84,10.51,15.15,5.69,30.59,3.7,29.73,19.92,6.25,50.43,0.99,1.1,15.43,18.78,50.43,73.73,78.92
14.48,16.65,21.31,14.42,6.52,6.94,29.22,0.79,13.24,8.24,1.92,2.03,0.54,13.18,29.22,48.34,87.52
33.82,8.87,3.89,14.22,1.17,4.52,2.06,19.12,16.59,0.2,5.61,0.09,0.0,10.45,33.82,45.9,87.07
29.54,0.67,14.48,5.98,17.59,5.79,12.1,4.9,10.08,12.74,2.98,0.7,2.24,11.39,29.54,43.54,89.69
0.0,23.8,14.77,1.51,13.04,12.4,14.47,1.97,24.86,24.48,0.0,1.79,3.19,13.13,24.86,50.41,84.85
18.11,14.88,22.85,26.27,15.65,24.33,6.07,50.18,23.22,20.41,4.21,1.48,3.19,22.2,50.18,78.16,74.71
11.17,30.84,17.18,21.74,27.89,10.92,28.94,41.65,2.05,34.05,0.23,3.16,9.5,22.64,41.65,80.47,76.63
29.57,5.02,6.51,41.66,43.54,31.93,17.07,52.28,12.01,18.74,3.55,5.45,8.16,25.83,52.28,95.46,74.2
29.4,1.72,11.25,18.87,7.11,5.85,19.37,20.94,9.06,28.36,2.66,1.13,2.02,15.19,29.4,55.99,85.74
24.47,6.94,2.33,3.53,27.92,0.97,7.73,29.88,22.47,3.22,5.5,0.07,0.9,12.95,29.88,53.97,82.59
27.99,16.87,21.02,12.45,18.92,11.0,19.61,32.14,7.48,24.3,2.09,2.16,4.6,19.18,32.14,64.86,79.91
13.09,4.38,17.39,11.71,19.55,11.29,24.49,26.85,7.33,23.74,0.96,2.76,4.64,15.98,26.85,55.47,87.32
12.79,22.57,17.77,6.89,34.55,14.56,16.76,30.18,23.69,18.59,3.03,2.44,6.42,19.84,34.55,67.38,80.58
1.58,21.97,28.12,36.71,23.74,25.44,10.68,6.25,13.54,18.61,0.21,2.72,4.42,18.66,36.71,67.21,86.41
13.96,3.88,24.23,0.11,0.15,24.94,22.61,49.68,3.42,7.5,0.48,5.64,0.01,15.05,49.68,66.83,82.91
9.28,22.67,37.69,7.44,3.19,0.03,10.19,9.98,23.49,42.84,2.18,0.0,1.37,16.68,42.84,68.39,82.83
3.18,8.44,4.74,43.06,23.65,18.78,16.03,18.72,5.72,13.34,0.18,3.01,3.15,15.57,43.06,60.73,88.54
30.64,41.72,17.17,31.56,0.0,23.57,10.99,56.82,29.63,27.88,9.08,2.59,0.0,27.0,56.82,97.62,71.58
22.97,5.93,7.0,51.84,6.4,34.21,13.06,28.82,5.12,47.09,1.18,4.47,3.01,22.24,51.84,88.06,79.18
29.7,20.13,31.35,18.27,34.22,9.76,43.39,35.82,14.93,5.98,4.43,4.23,2.05,24.35,43.39,85.41,75.58
12.42,5.2,12.9,18.15,11.59,16.04,25.44,3.34,0.95,4.92,0.12,4.08,0.57,11.09,25.44,41.86,87.38
14.17,13.38,2.14,37.92,20.76,4.38,21.65,35.63,13.19,14.3,1.87,0.95,2.97,17.75,37.92,66.25,84.89
4.81,4.2,14.56,15.62,38.41,10.59,23.45,5.49,23.08,16.07,1.11,2.48,6.17,15.63,38.41,58.78,83.31
4.09,13.63,66.17,50.96,17.41,3.8,3.53,63.86,18.58,51.39,0.76,0.13,8.95,29.34,66.17,120.72,79.44
8.86,5.21,23.45,0.06,48.96,9.73,0.53,30.86,3.22,25.24,0.29,0.05,12.36,15.61,48.96,68.9,83.22
9.89,1.18,9.51,22.77,27.54,0.27,4.28,14.47,18.2,4.83,1.8,0.01,1.33,11.29,27.54,45.27,89.76
39.73,14.97,5.58,24.74,19.76,15.95,4.06,18.78,18.78,3.53,7.46,0.65,0.7,16.59,39.73,61.85,80.88
28.67,17.04,22.82,11.53,6.46,0.81,16.49,16.24,2.51,2.17,0.72,0.13,0.14,12.47,28.67,48.53,85.51
8.59,5.47,22.14,19.35,10.06,23.11,20.85,27.39,15.21,31.03,1.31,4.82,3.12,18.32,31.03,63.11,83.3
7.55,18.6,46.53,3.62,4.83,29.68,9.51,55.14,19.8,56.75,1.49,2.82,2.74,25.2,56.75,101.13,77.16
11.72,13.53,17.98,2.09,56.73,18.0,15.09,2.85,28.66,37.11,3.36,2.72,21.05,20.38,56.73,81.39,77.0
2.09,0.0,13.63,18.4,30.07,10.45,7.83,41.73,3.15,1.26,0.07,0.82,0.38,12.86,41.73,57.94,89.4
8.9,4.58,9.62,0.66,0.17,37.41,28.49,20.26,12.65,11.45,1.13,10.66,0.02,13.42,37.41,55.73,86.84
17.44,18.22,11.16,20.33,9.13,8.2,17.01,6.66,2.04,1.12,0.36,1.39,0.1,11.13,20.33,40.79,93.53
14.98,23.56,1.61,4.93,9.32,13.35,28.07,0.15,11.42,9.56,1.71,3.75,0.89,11.69,28.07,45.62,85.74
13.87,32.69,15.4,20.85,28.46,10.72,15.32,10.44,2.58,7.32,0.36,1.64,2.08,15.76,32.69,57.1,86.05
12.96,10.03,1.96,22.85,4.5,14.78,13.81,15.82,12.48,2.8,1.62,2.04,0.13,11.2,22.85,40.47,87.75
28.56,24.66,11.96,40.63,6.8,7.04,38.95,22.53,3.78,37.23,1.08,2.74,2.53,22.21,40.63,82.09,81.53
3.9,35.71,30.89,12.6,6.55,4.73,16.29,20.37,31.19,2.31,1.22,0.77,0.15,16.45,35.71,64.24,86.14
27.27,6.26,3.06,11.34,6.16,35.4,2.31,4.63,4.57,6.2,1.25,0.82,0.38,10.72,35.4,47.94,83.16
4.97,10.01,26.54,0.66,5.89,2.84,7.96,19.83,3.68,4.38,0.18,0.23,0.26,8.68,26.54,36.9,90.45
15.74,14.46,8.08,9.0,22.43,28.05,10.77,60.2,38.04,29.06,5.99,3.02,6.52,23.58,60.2,89.02,69.12
11.23,5.8,24.99,21.39,33.0,54.32,19.79,37.13,1.45,31.53,0.16,10.75,10.4,24.06,54.32,89.71,82.17
12.7,16.28,1.33,1.66,1.9,19.65,22.8,34.59,17.17,31.32,2.18,4.48,0.6,15.94,34.59,61.75,86.02
1.51,20.69,8.7,20.64,29.63,32.11,6.84,57.35,6.7,26.19,0.1,2.2,7.76,21.04,57.35,83.12,79.97
6.86,6.26,28.74,8.79,9.62,6.79,23.06,59.99,14.74,62.7,1.01,1.57,6.03,22.75,62.7,96.99,77.24
15.13,4.89,13.8,11.27,0.38,2.12,47.78,42.27,24.64,5.47,3.73,1.01,0.02,16.78,47.78,72.67,84.92
6.78,0.55,18.73,27.14,6.93,39.76,37.36,49.03,17.47,7.01,1.18,14.85,0.49,21.08,49.03,83.16,76.16
25.74,41.43,12.75,35.73,30.52,6.49,37.28,28.66,30.53,12.87,7.86,2.42,3.93,26.2,41.43,90.0,74.49
5.58,25.41,26.29,44.88,22.28,42.91,2.96,51.78,5.33,35.52,0.3,1.27,7.91,26.29,51.78,98.49,73.65
11.31,30.82,25.38,0.63,3.09,0.76,23.22,15.41,31.03,18.85,3.51,0.18,0.58,16.05,31.03,61.86,82.02
0.54,17.42,16.67,17.66,44.96,16.42,4.73,58.34,25.18,1.3,0.14,0.78,0.58,20.32,58.34,85.12,81.75
8.11,3.61,10.03,0.48,47.37,13.8,3.59,0.27,5.98,42.7,0.48,0.5,20.23,13.59,47.37,66.98,82.34
10.45,30.43,29.28,8.73,7.2,12.25,9.06,1.9,9.93,21.11,1.04,1.11,1.52,14.03,30.43,52.91,85.01
4.09,40.49,17.75,36.27,6.47,17.63,39.91,13.16,5.45,5.57,0.22,7.04,0.36,18.68,40.49,73.93,83.9
4.39,36.25,1.55,4.02,32.57,17.09,27.57,19.29,12.48,18.13,0.55,4.71,5.9,17.33,36.25,65.73,79.91
29.81,4.65,12.7,18.32,13.65,39.76,1.4,9.4,5.43,46.64,1.62,0.56,6.37,18.18,46.64,73.95,80.44
4.01,42.44,45.28,22.68,12.11,21.23,0.94,19.74,2.79,2.36,0.11,0.2,0.29,17.36,45.28,73.37,83.75
19.18,7.24,9.14,25.84,12.12,2.86,32.88,7.5,36.09,23.55,6.92,0.94,2.85,17.64,36.09,65.74,79.15
14.94,3.34,18.27,0.23,14.15,21.9,21.83,35.01,39.13,12.29,5.85,4.78,1.74,18.11,39.13,68.06,81.18
0.52,12.08,2.16,13.23,29.86,7.84,24.81,6.07,19.62,24.97,0.1,1.95,7.46,14.12,29.86,54.22,88.81
11.81,30.79,21.61,6.15,22.87,3.87,14.93,31.31,30.94,22.86,3.65,0.58,5.23,19.71,31.31,69.38,82.15
17.67,10.35,13.43,32.6,9.2,5.05,14.4,6.57,7.63,20.27,1.35,0.73,1.86,13.72,32.6,49.92,86.13
25.58,30.79,7.66,3.6,57.02,9.08,21.15,5.33,9.57,4.6,2.45,1.92,2.62,17.44,57.02,74.81,77.71
12.12,7.84,5.9,12.04,25.38,12.4,11.71,50.16,37.04,47.52,4.49,1.45,12.06,22.21,50.16,86.43,77.17
21.54,13.08,27.93,15.35,13.87,11.09,18.3,52.06,28.58,25.05,6.16,2.03,3.47,22.68,52.06,80.34,79.13
18.8,16.1,33.52,41.57,39.33,23.97,44.22,42.16,20.16,12.41,3.79,10.6,4.88,29.23,44.22,99.4,74.19
31.39,0.32,49.79,4.26,30.12,1.93,5.25,35.72,15.97,1.48,5.01,0.1,0.45,17.62,49.79,77.16,81.64
7.76,14.14,46.68,22.62,36.17,3.93,22.57,35.71,8.58,49.83,0.67,0.89,18.02,24.8,49.83,92.82,75.99
0.45,4.34,16.16,16.13,7.62,39.09,13.05,29.57,12.83,7.02,0.06,5.1,0.53,14.63,39.09,58.18,86.61
13.19,13.38,32.14,27.63,32.49,18.79,16.96,27.85,21.22,1.5,2.8,3.19,0.49,20.52,32.49,71.24,82.07
9.81,9.02,23.52,23.89,43.81,31.74,8.43,46.92,1.08,45.86,0.11,2.68,20.09,24.41,46.92,92.77,78.79
7.21,16.69,10.32,30.93,15.2,56.4,10.57,8.74,4.11,20.04,0.3,5.96,3.05,18.02,56.4,73.57,79.46
8.07,5.69,10.75,29.87,5.75,8.81,5.25,9.49,10.12,19.25,0.82,0.46,1.11,11.3,29.87,42.5,91.1
15.67,21.66,24.38,22.83,17.49,14.8,2.18,31.52,10.63,4.17,1.67,0.32,0.73,16.53,31.52,59.03,86.13
19.45,8.58,11.71,8.0,14.12,36.25,14.61,26.97,6.84,22.03,1.33,5.3,3.11,16.86,36.25,60.33,79.3
5.26,21.15,21.79,31.01,11.43,21.24,10.22,34.14,28.14,17.23,1.48,2.17,1.97,20.16,34.14,69.65,78.78
14.88,7.36,35.92,14.33,44.59,58.23,10.43,63.69,27.56,13.54,4.1,6.07,6.04,29.05,63.69,110.72,69.27
48.89,10.84,5.44,1.48,38.98,13.38,6.85,37.49,0.95,18.75,0.46,0.92,7.31,18.31,48.89,77.74,78.4
1.67,11.97,9.81,26.7,6.54,24.08,14.47,6.1,9.72,34.58,0.16,3.48,2.26,14.56,34.58,55.81,87.2
0.0,7.16,26.43,12.82,4.42,19.6,8.34,19.48,27.07,14.91,0.0,1.63,0.66,14.02,27.07,52.18,89.5
10.11,22.52,2.9,4.2,5.28,17.2,13.59,7.2,41.32,6.95,4.18,2.34,0.37,13.13,41.32,54.32,79.5
27.36,7.33,20.91,28.55,7.17,14.54,10.32,25.91,16.16,4.77,4.42,1.5,0.34,16.3,28.55,58.13,80.4
24.91,9.2,26.36,4.34,1.68,9.55,10.12,27.38,16.95,4.96,4.22,0.97,0.08,13.54,27.38,51.74,87.85
0.81,19.51,27.93,31.88,37.42,8.82,24.6,53.75,8.33,42.36,0.07,2.17,15.85,25.54,53.75,94.95,80.34
11.35,26.53,22.18,23.5,15.92,20.36,10.71,0.92,0.0,29.3,0.0,2.18,4.66,16.08,29.3,59.32,82.24
4.5,0.16,2.25,1.87,20.55,5.83,21.73,2.37,1.98,9.39,0.09,1.27,1.93,7.06,21.73,32.48,91.6
11.71,17.98,32.79,39.71,12.91,7.27,23.99,22.37,6.68,17.96,0.78,1.74,2.32,19.34,39.71,69.1,86.61
0.93,19.69,32.25,7.13,13.15,23.17,4.53,16.84,22.82,1.92,0.21,1.05,0.25,14.24,32.25,54.94,86.67
13.2,5.88,13.79,5.18,1.33,30.21,11.04,15.88,3.38,23.4,0.45,3.34,0.31,12.33,30.21,47.67,86.38
19.34,4.78,7.46,5.89,2.28,4.96,9.07,24.41,6.74,33.53,1.3,0.45,0.76,11.85,33.53,48.63,87.13
3.98,17.58,25.46,1.48,28.58,4.61,8.66,14.84,19.86,4.65,0.79,0.4,1.33,12.97,28.58,50.25,85.77
7.08,1.39,3.03,18.4,6.67,12.38,17.1,15.39,10.85,33.8,0.77,2.12,2.25,12.61,33.8,48.85,85.75
12.33,3.93,15.36,31.12,34.58,6.89,32.81,59.44,3.6,20.18,0.44,2.26,6.98,22.02,59.44,87.43,84.01
4.77,21.9,36.56,1.9,16.75,0.82,13.4,5.91,16.27,6.07,0.78,0.11,1.02,12.43,36.56,51.38,84.9
14.55,11.51,24.12,39.84,20.15,28.79,22.61,9.28,13.2,16.4,1.92,6.51,3.3,20.05,39.84,69.2,78.93
12.82,8.9,31.35,18.19,12.29,23.75,6.69,26.91,40.93,8.12,5.25,1.59,1.0,19.0,40.93,69.16,81.56
9.78,19.25,2.6,1.9,39.77,0.41,1.29,6.35,20.36,3.6,1.99,0.01,1.43,10.53,39.77,50.28,86.19
8.35,33.37,18.21,19.48,22.41,2.4,16.56,17.61,33.47,24.52,2.79,0.4,5.49,19.64,33.47,68.61,79.68
1.72,13.51,29.68,2.84,11.52,1.86,34.93,26.47,12.56,28.79,0.22,0.65,3.32,16.39,34.93,64.17,85.32
17.6,12.02,37.49,7.17,18.92,32.53,29.31,13.14,3.79,21.04,0.67,9.53,3.98,19.3,37.49,69.4,81.25
6.04,5.48,15.56,23.02,9.2,11.33,18.82,2.0,10.16,5.28,0.61,2.13,0.49,10.69,23.02,39.25,92.21
0.0,9.92,1.2,17.1,0.13,22.35,27.76,2.76,32.4,0.75,0.0,6.2,0.0,11.44,32.4,52.16,82.79
3.06,1.41,31.83,21.51,13.6,12.46,13.73,15.32,13.99,7.25,0.43,1.71,0.99,13.42,31.83,49.99,86.31
3.41,22.82,20.78,12.46,36.24,25.13,5.65,57.65,7.2,32.21,0.25,1.42,11.67,22.36,57.65,86.66,80.25
0.36,9.5,15.27,4.0,8.09,7.71,14.91,13.44,25.95,25.13,0.09,1.15,2.03,12.44,25.95,46.61,87.49
0.46,43.8,35.75,18.41,19.58,4.79,5.05,28.96,20.57,13.61,0.09,0.24,2.66,19.1,43.8,73.58,80.34
10.59,7.56,8.03,29.48,16.73,5.97,17.63,17.35,9.37,4.83,0.99,1.05,0.81,12.75,29.48,46.27,83.98
18.97,18.83,9.89,21.12,21.43,30.12,5.85,21.1,2.88,32.61,0.55,1.76,6.99,18.28,32.61,64.62,78.86
18.89,6.33,30.32,5.58,2.61,5.71,5.39,47.66,14.38,27.51,2.72,0.31,0.72,16.44,47.66,68.2,84.5
12.81,10.63,9.53,19.42,44.76,27.5,37.51,26.77,7.54,12.62,0.97,10.32,5.65,20.91,44.76,76.45,77.34
16.78,31.59,3.84,12.19,7.53,8.08,19.29,9.4,13.15,13.09,2.21,1.56,0.99,13.49,31.59,48.68,87.41
6.73,31.97,5.12,13.83,11.83,17.2,30.25,24.46,4.49,8.74,0.3,5.2,1.03,15.46,31.97,57.72,88.91
5.14,34.58,1.39,16.41,20.34,9.68,11.24,18.53,11.55,13.16,0.59,1.09,2.68,14.2,34.58,52.69,86.64
0.67,5.86,31.61,1.14,25.58,36.17,10.84,21.57,20.35,26.83,0.14,3.92,6.86,18.06,36.17,68.67,85.22
11.67,0.8,29.45,1.33,35.06,7.77,25.4,49.28,32.43,24.81,3.78,1.97,8.7,21.8,49.28,83.88,78.63
6.2,16.28,2.77,39.41,2.63,3.36,24.66,9.08,22.53,4.3,1.4,0.83,0.11,13.12,39.41,55.67,88.31
4.17,2.73,18.49,17.22,35.04,28.52,11.18,17.86,5.65,12.65,0.24,3.19,4.43,15.35,35.04,57.8,86.83
1.59,7.9,17.63,36.88,1.38,11.88,1.2,25.58,21.89,33.2,0.35,0.14,0.46,15.91,36.88,64.16,87.62
7.36,31.52,14.08,10.58,1.31,52.68,15.56,22.1,4.66,7.0,0.34,8.2,0.09,16.69,52.68,70.26,81.86
17.08,14.78,26.82,39.56,8.2,38.65,6.9,12.7,0.63,38.97,0.11,2.67,3.2,20.43,39.56,78.0,80.45
31.02,16.62,9.91,36.65,18.36,20.48,8.38,18.88,9.0,4.5,2.79,1.72,0.83,17.38,36.65,62.97,78.22
6.03,15.26,12.14,23.4,8.77,1.61,27.57,11.13,24.84,6.56,1.5,0.44,0.58,13.73,27.57,50.87,86.59
12.84,49.81,10.72,2.23,23.28,24.25,33.53,15.29,11.96,17.1,1.54,8.13,3.98,20.1,49.81,75.43,77.9
10.77,13.29,12.48,22.95,8.17,7.45,6.64,17.14,6.59,7.42,0.71,0.49,0.61,11.29,22.95,39.16,89.45
2.48,7.69,7.72,17.72,4.77,27.39,2.17,10.93,18.77,29.1,0.47,0.59,1.39,12.87,29.1,50.35,88.58
24.29,13.78,12.68,21.82,11.04,12.44,2.71,15.52,26.14,0.41,6.35,0.34,0.05,14.08,26.14,51.23,82.96
47.55,24.02,6.78,9.68,0.19,38.33,2.14,11.84,5.84,23.05,2.78,0.82,0.04,16.94,47.55,71.82,77.63
10.3,33.75,1.55,3.73,2.81,18.97,2.18,13.33,14.06,8.91,1.45,0.41,0.25,10.96,33.75,45.7,84.13
24.81,11.75,6.49,11.34,5.37,21.65,30.26,18.41,3.69,11.34,0.92,6.55,0.61,14.51,30.26,53.1,84.34
18.26,8.04,5.16,16.67,25.1,0.64,29.81,34.71,10.45,28.39,1.91,0.19,7.13,17.72,34.71,65.89,83.89
11.83,7.02,14.57,5.69,20.42,22.92,7.64,0.05,9.2,5.27,1.09,1.75,1.08,10.46,22.92,39.33,85.11
1.53,19.6,6.22,29.72,31.1,22.54,6.08,4.48,25.82,5.92,0.4,1.37,1.84,15.3,31.1,59.52,85.6
12.2,19.09,26.78,46.55,30.4,0.29,9.87,8.95,0.81,2.32,0.1,0.03,0.71,15.73,46.55,67.12,84.35
3.54,33.52,17.11,25.4,16.26,3.12,27.6,13.85,6.91,23.77,0.24,0.86,3.87,17.11,33.52,62.57,84.23
4.17,16.92,7.32,9.56,4.21,18.88,27.21,17.58,16.31,9.67,0.68,5.14,0.41,13.18,27.21,47.25,87.76
9.86,18.0,23.46,2.18,11.46,5.01,11.93,32.14,10.2,23.62,1.01,0.6,2.71,14.79,32.14,54.5,87.36
1.36,3.4,7.3,18.62,21.37,16.46,20.55,25.52,24.03,2.84,0.33,3.38,0.61,14.14,25.52,52.91,89.36
15.72,18.65,2.78,9.48,3.86,10.96,1.82,12.67,26.74,5.98,4.2,0.2,0.23,10.87,26.74,41.74,86.59
13.96,0.96,26.27,22.17,27.09,26.62,18.82,46.66,17.82,29.26,2.49,5.01,7.93,22.96,46.66,80.78,78.68
6.79,6.27,7.48,6.21,28.35,4.36,11.81,12.66,12.21,2.16,0.83,0.51,0.61,9.83,28.35,38.15,86.55
12.38,31.94,3.15,9.18,20.67,15.82,25.06,14.37,2.26,26.3,0.28,3.96,5.44,16.11,31.94,58.96,82.76
2.59,11.36,37.0,15.94,14.23,3.95,19.99,21.01,7.16,41.69,0.19,0.79,5.93,17.49,41.69,67.88,83.83
0.23,27.35,3.18,6.28,5.2,15.05,15.4,24.58,6.52,28.56,0.01,2.32,1.49,13.23,28.56,52.45,88.86
6.65,38.17,6.26,7.55,5.21,2.59,15.36,32.4,18.91,5.41,1.26,0.4,0.28,13.85,38.17,57.48,88.98
16.62,34.77,10.34,7.48,27.3,6.86,2.85,7.37,11.08,9.43,1.84,0.2,2.57,13.41,34.77,52.1,82.74
10.7,4.8,1.42,0.75,5.44,19.16,6.42,14.02,13.76,6.3,1.47,1.23,0.34,8.28,19.16,31.68,86.61
4.89,1.2,8.39,2.43,3.8,23.92,3.68,3.52,13.9,10.75,0.68,0.88,0.41,7.65,23.92,31.98,93.15
21.24,19.3,3.9,5.54,22.21,2.13,11.94,2.62,0.14,9.26,0.03,0.25,2.06,9.83,22.21,40.03,88.64
25.31,7.55,35.46,14.82,22.57,3.55,16.05,6.64,22.23,7.63,5.63,0.57,1.72,16.18,35.46,59.59,81.51
19.89,13.53,7.34,25.49,3.55,7.71,34.09,15.29,6.4,15.88,1.27,2.63,0.56,14.92,34.09,55.17,86.99
0.75,36.43,4.76,29.11,11.65,35.87,1.12,21.46,9.34,4.66,0.07,0.4,0.54,15.52,36.43,64.74,84.01
31.56,1.39,21.11,19.18,11.57,10.83,23.83,7.32,2.95,2.97,0.93,2.58,0.34,13.27,31.56,51.98,87.02
43.0,21.01,3.29,8.05,27.59,29.35,20.05,25.27,42.14,12.75,18.12,5.88,3.52,23.25,43.0,83.47,69.9
9.44,34.58,0.05,4.05,12.35,24.32,18.58,4.1,14.4,14.65,1.36,4.52,1.81,13.65,34.58,53.19,84.94
3.53,22.65,29.02,2.44,5.48,7.77,0.81,4.87,4.71,14.11,0.17,0.06,0.77,9.54,29.02,41.35,90.82
8.05,21.62,8.99,4.77,30.59,3.04,14.16,43.01,6.08,2.05,0.49,0.43,0.63,14.24,43.01,60.6,86.44
15.61,13.65,12.29,31.23,14.35,8.22,27.46,54.18,6.56,3.26,1.02,2.26,0.47,18.68,54.18,74.65,84.14
22.38,24.76,23.46,46.09,23.4,38.48,11.98,41.04,3.77,21.45,0.84,4.61,5.02,25.68,46.09,90.11,78.28
16.98,34.64,22.28,16.76,5.92,9.67,34.62,19.96,9.54,3.72,1.62,3.35,0.22,17.41,34.64,64.0,82.2
11.76,13.58,20.33,55.11,51.31,20.18,6.68,37.02,6.83,36.7,0.8,1.35,18.83,25.95,55.11,98.09,78.7
8.6,19.04,38.01,5.04,29.15,33.97,2.6,22.32,2.9,38.37,0.25,0.88,11.18,20.0,38.37,76.78,80.97
24.25,2.54,6.63,6.26,26.7,33.54,2.62,39.57,24.94,9.72,6.05,0.88,2.6,17.68,39.57,69.32,75.63
0.0,26.14,23.52,25.14,53.16,15.63,8.49,5.1,0.11,24.26,0.0,1.33,12.9,18.15,53.16,75.0,83.07
18.12,3.65,9.41,4.55,1.02,26.13,19.83,50.41,16.79,12.56,3.04,5.18,0.13,16.25,50.41,67.15,85.42
35.3,30.85,6.54,6.36,17.51,27.99,8.65,4.35,29.49,16.33,10.41,2.42,2.86,18.33,35.3,67.82,73.79
16.18,11.3,2.23,10.69,3.83,17.16,7.42,2.78,15.64,31.26,2.53,1.27,1.2,11.85,31.26,45.85,82.23
1.39,9.76,4.37,0.49,21.21,1.93,36.74,11.44,10.39,10.44,0.14,0.71,2.21,10.82,36.74,47.62,92.57
34.42,11.55,18.92,32.02,3.08,3.55,16.69,13.62,11.76,17.27,4.05,0.59,0.53,16.29,34.42,60.21,84.25
12.34,5.4,8.21,18.27,2.49,27.88,15.26,8.0,5.77,28.16,0.71,4.25,0.7,13.18,28.16,49.89,82.78
13.06,34.44,26.14,23.44,31.35,26.45,19.18,15.87,17.27,24.13,2.26,5.07,7.56,23.13,34.44,75.97,77.88
0.75,16.22,5.42,6.5,25.68,23.21,27.4,8.32,4.06,39.63,0.03,6.36,10.18,15.72,39.63,62.77,80.83
12.25,35.43,29.73,24.34,10.32,25.92,13.91,5.48,4.65,57.72,0.57,3.61,5.96,21.98,57.72,85.07,78.71
36.31,23.44,18.57,39.2,6.69,4.39,16.01,20.63,29.93,23.23,10.87,0.7,1.55,21.84,39.2,77.01,76.12
3.9,18.21,0.3,10.06,30.49,33.32,22.25,22.07,15.37,47.26,0.6,7.41,14.41,20.32,47.26,77.07,80.16
11.43,4.38,2.34,10.65,19.65,9.79,13.77,30.72,12.76,1.9,1.46,1.35,0.37,11.74,30.72,45.28,81.81
20.92,8.39,17.18,25.8,12.69,0.63,0.04,0.96,1.59,8.42,0.33,0.0,1.07,9.66,25.8,41.29,89.19
10.34,39.46,16.53,7.63,0.05,23.64,0.59,23.33,29.07,32.96,3.01,0.14,0.02,18.36,39.46,70.93,81.68
28.42,10.48,27.33,16.89,35.74,27.28,39.89,33.09,15.48,26.1,4.4,10.88,9.33,26.07,39.89,87.06,74.68
22.78,18.92,3.0,5.2,28.19,23.39,2.22,3.46,13.74,12.16,3.13,0.52,3.43,13.31,28.19,51.07,84.12
11.02,28.69,14.52,0.22,24.62,12.9,11.84,74.23,1.95,46.68,0.21,1.53,11.49,22.67,74.23,98.8,78.26
23.45,0.49,5.25,0.2,35.77,12.86,18.41,1.26,8.62,38.34,2.02,2.37,13.71,14.47,38.34,62.51,80.08
8.13,9.68,0.08,17.36,0.43,18.19,4.91,34.4,8.34,14.05,0.68,0.89,0.06,11.56,34.4,47.61,90.51
7.36,2.89,1.05,6.91,15.26,7.45,34.98,3.78,22.23,13.32,1.64,2.61,2.03,11.52,34.98,48.05,84.97
19.86,12.9,15.14,15.16,40.33,1.99,31.6,51.9,10.23,0.81,2.03,0.63,0.33,19.99,51.9,80.3,80.01
1.63,6.59,1.58,36.72,14.79,10.06,8.83,33.61,19.78,21.93,0.32,0.89,3.24,15.55,36.72,61.62,86.39
18.92,18.69,32.84,2.57,10.86,0.23,16.73,44.27,18.03,0.79,3.41,0.04,0.09,16.39,44.27,66.9,87.1
16.46,3.03,1.21,0.01,15.7,0.35,10.47,38.78,6.21,9.73,1.02,0.04,1.53,10.2,38.78,47.7,90.2
4.01,6.23,28.54,28.9,9.74,23.28,14.45,8.12,4.49,8.36,0.18,3.36,0.81,13.61,28.9,52.02,91.0
1.9,38.33,2.55,10.54,20.53,14.57,21.59,19.51,6.03,16.38,0.11,3.15,3.36,15.19,38.33,58.1,85.87
0.0,34.26,27.99,7.96,2.85,13.22,21.19,26.68,1.26,0.19,0.0,2.8,0.01,13.56,34.26,58.02,87.0
17.01,29.07,11.02,46.82,20.08,48.67,23.73,49.09,21.58,38.01,3.67,11.55,7.63,30.51,49.09,105.37,74.13
3.91,9.06,3.69,32.15,9.58,21.5,7.34,26.83,18.2,14.0,0.71,1.58,1.34,14.62,32.15,54.77,86.22
6.7,3.33,17.74,9.01,24.28,0.22,14.24,24.58,6.41,14.52,0.43,0.03,3.53,12.1,24.58,45.83,88.52
34.33,24.59,24.04,3.61,15.77,10.5,39.75,9.56,19.3,14.81,6.63,4.17,2.34,19.63,39.75,70.68,79.26
28.08,13.26,5.11,1.02,11.55,20.44,22.46,27.09,5.67,18.86,1.59,4.59,2.18,15.36,28.08,56.3,85.15
1.92,20.91,42.53,12.19,14.48,10.37,14.61,30.45,18.63,27.08,0.36,1.52,3.92,19.32,42.53,70.26,80.38
6.48,34.26,39.24,31.56,8.48,0.95,2.24,17.39,11.38,1.59,0.74,0.02,0.13,15.36,39.24,65.3,85.71
8.91,17.67,37.84,36.36,20.18,0.41,2.33,39.66,2.97,40.24,0.26,0.01,8.12,20.66,40.24,82.21,85.35
20.42,19.17,8.06,14.14,10.79,22.7,11.22,9.52,25.06,8.04,5.12,2.55,0.87,14.91,25.06,50.89,82.67
17.09,21.62,2.62,4.94,23.39,1.17,5.65,41.17,10.0,24.52,1.71,0.07,5.74,15.22,41.17,61.38,82.87
15.06,16.61,5.31,37.18,32.9,14.75,35.63,9.08,2.38,7.31,0.36,5.26,2.4,17.62,37.18,68.0,86.71
20.56,27.65,48.02,47.02,26.32,41.01,1.86,29.68,16.03,20.78,3.3,0.76,5.47,27.89,48.02,98.25,71.28
3.7,28.23,41.95,3.97,8.8,27.65,3.99,30.52,6.34,23.86,0.23,1.1,2.1,17.9,41.95,70.6,84.28
19.28,17.5,13.68,14.6,40.0,27.31,1.78,48.18,40.73,48.08,7.85,0.49,19.23,27.11,48.18,98.58,69.82
15.0,2.4,21.18,1.56,11.26,6.72,12.17,14.97,28.94,14.62,4.34,0.82,1.65,12.88,28.94,47.72,85.34
4.18,40.32,13.66,19.64,15.52,2.67,2.04,2.16,26.88,13.81,1.12,0.05,2.14,14.09,40.32,58.18,85.74
9.85,7.93,41.85,1.4,43.59,19.75,5.49,51.44,16.67,51.19,1.64,1.08,22.31,24.92,51.44,98.89,74.73
34.77,5.66,27.68,5.45,18.05,9.02,13.84,13.61,34.74,29.62,12.08,1.25,5.35,19.24,34.77,70.03,75.3
2.87,4.5,28.48,22.54,29.38,5.4,15.29,20.19,18.86,10.64,0.54,0.83,3.13,15.81,29.38,57.88,82.98
5.61,31.28,19.03,11.63,25.97,1.81,25.35,6.23,13.03,3.98,0.73,0.46,1.03,14.39,31.28,55.25,87.14
6.3,10.96,32.55,18.27,3.58,2.96,9.16,22.74,25.23,11.23,1.59,0.27,0.4,14.3,32.55,54.21,84.74
